Sector,AMC,Fund,Category,Inception Date,Offer,Repurchase,NAV,Validity Date,Front-end,Back-end,Contingent,Market,Trustee
Open-End Funds,786 Investments Limited,786 Islamic Money Market Fund,Shariah Compliant Money Market,"Oct 22, 2024",107.7586,106.6917,106.6917,"Mar 02, 2026",0,0,0,0.00000,DCC
Open-End Funds,786 Investments Limited,786 Smart Fund,Shariah Compliant Income,"May 20, 2003",90.3811,89.4862,89.4862,"Mar 02, 2026",0,0,0,0.00000,CDC
Voluntary Pension Scheme (VPS),ABL Asset Management Company Limited,ABL Islamic Pension Fund,VPS-Shariah Compliant Debt,"Aug 20, 2014",231.7324,223.9393,223.9393,"Mar 02, 2026",0,0,0,0.00000,CDC
Voluntary Pension Scheme (VPS),ABL Asset Management Company Limited,ABL Islamic Pension Fund,VPS-Shariah Compliant Equity,"Aug 20, 2014",541.0839,522.8874,522.8874,"Mar 02, 2026",0,0,0,0.00000,CDC
Employer Pension Funds,ABL Asset Management Company Limited,ABL GOKP Islamic Pension Fund,VPS-Shariah Compliant Money Market,"Apr 23, 2024",0.0000,120.9050,120.9050,"Mar 02, 2026",0,0,0,0.00000,CDC
Employer Pension Funds,ABL Asset Management Company Limited,ABL GOPB Islamic Pension Fund,VPS-Shariah Compliant Money Market,"Nov 26, 2025",0.0000,101.5587,101.5587,"Mar 02, 2026",0,0,0,0.00000,CDC
Voluntary Pension Scheme (VPS),ABL Asset Management Company Limited,ABL Islamic Pension Fund,VPS-Shariah Compliant Money Market,"Aug 20, 2014",234.9915,227.0888,227.0888,"Mar 02, 2026",0,0,0,0.00000,CDC
Voluntary Pension Scheme (VPS),ABL Asset Management Company Limited,ABL Pension Fund,VPS-Debt,"Aug 20, 2014",378.1718,365.4540,365.4540,"Mar 02, 2026",0,0,0,0.00000,CDC
Voluntary Pension Scheme (VPS),ABL Asset Management Company Limited,ABL Pension Fund,VPS-Equity,"Aug 20, 2014",598.1039,577.9899,577.9899,"Mar 02, 2026",0,0,0,0.00000,CDC
Employer Pension Funds,ABL Asset Management Company Limited,ABL GOKP Pension Fund,VPS-Money Market,"Apr 23, 2024",0.0000,127.7355,127.7355,"Mar 02, 2026",0,0,0,0.00000,CDC
Employer Pension Funds,ABL Asset Management Company Limited,ABL GOPB Pension Fund,VPS-Money Market,"Nov 26, 2025",0.0000,102.4869,102.4869,"Mar 02, 2026",0,0,0,0.00000,CDC
Voluntary Pension Scheme (VPS),ABL Asset Management Company Limited,ABL Pension Fund,VPS-Money Market,"Aug 20, 2014",288.4718,278.7706,278.7706,"Mar 02, 2026",0,0,0,0.00000,CDC
Open-End Funds,ABL Asset Management Company Limited,ABL Cash Fund,Money Market,"Jul 31, 2010",11.0414,10.9462,10.9462,"Mar 03, 2026",1,2,1,0.00000,CDC
Open-End Funds,ABL Asset Management Company Limited,ABL Financial Planning Fund (Conservative Plan),Fund of Funds,"Dec 31, 2015",122.5638,119.7848,119.7848,"Mar 01, 2026",0,0,0,0.00000,DCC
Open-End Funds,ABL Asset Management Company Limited,ABL Financial Planning Fund (Strategic Allocation Plan),Fund of Funds,"Dec 30, 2016",0.0000,99.7448,99.7448,"Mar 01, 2026",0,0,0,0.00000,DCC
Open-End Funds,ABL Asset Management Company Limited,ABL Financial Sector Fund Plan I,Income,"Aug 01, 2023",10.9528,10.7045,10.7045,"Mar 02, 2026",0,0,0,0.00000,
Open-End Funds,ABL Asset Management Company Limited,ABL Fixed Rate Plan XIX,Fixed Rate / Return,"Jun 24, 2025",0.0000,10.7155,10.7155,"Mar 02, 2026",0,0,0,0.00000,CDC
Open-End Funds,ABL Asset Management Company Limited,ABL Fixed Rate Plan XXI,Fixed Rate / Return,"Nov 12, 2025",0.0000,10.2655,10.2655,"Feb 10, 2026",0,0,0,0.00000,CDC
Open-End Funds,ABL Asset Management Company Limited,ABL Fixed Rate Plan XXII,Fixed Rate / Return,"Dec 03, 2025",0.0000,10.2755,10.2755,"Mar 02, 2026",0,0,0,0.00000,CDC
Open-End Funds,ABL Asset Management Company Limited,ABL Fixed Rate Plan XXIII,Fixed Rate / Return,"Dec 10, 2025",0.0000,10.2516,10.2516,"Mar 02, 2026",0,0,0,0.00000,CDC
Open-End Funds,ABL Asset Management Company Limited,ABL Fixed Rate Plan XXIV,Fixed Rate / Return,"Feb 10, 2026",0.0000,10.0523,10.0523,"Mar 02, 2026",0,0,0,0.00000,CDC
Open-End Funds,ABL Asset Management Company Limited,ABL Government Securities Fund,Income,"Nov 29, 2011",11.0368,10.8480,10.8480,"Mar 02, 2026",0,0,0,0.00000,CDC
Open-End Funds,ABL Asset Management Company Limited,ABL Income Fund,Income,"Sep 19, 2008",11.0796,10.8901,10.8901,"Mar 02, 2026",0,0,0,0.00000,CDC
Open-End Funds,ABL Asset Management Company Limited,ABL Islamic Asset Allocation Fund,Shariah Compliant Asset Allocation,"May 31, 2018",10.5257,10.1717,10.1717,"Mar 02, 2026",0,0,0,0.00000,DCC
Open-End Funds,ABL Asset Management Company Limited,ABL Islamic Cash Fund,Shariah Compliant Money Market,"Feb 13, 2020",10.2140,10.0969,10.0969,"Mar 03, 2026",1,0,0,0.00000,CDC
Dedicated Equity Funds,ABL Asset Management Company Limited,ABL Islamic Dedicated Stock Fund,Shariah Compliant Dedicated Equity,"Dec 19, 2016",15.9130,15.9130,15.9130,"Mar 02, 2026",0,0,0,0.00000,DCC
Open-End Funds,ABL Asset Management Company Limited,ABL Islamic Financial Planning Fund (Active Allocation Plan),Shariah Compliant Fund of Funds,"Dec 22, 2015",102.0052,99.6923,99.6923,"Mar 01, 2026",0,0,0,0.00000,DCC
Open-End Funds,ABL Asset Management Company Limited,ABL Islamic Financial Planning Fund (Capital Preservation Plan I),Shariah Compliant Fund of Funds - CPPI,"Mar 29, 2019",0.0000,111.3998,111.3998,"Mar 01, 2026",0,0,0,0.00000,DCC
Open-End Funds,ABL Asset Management Company Limited,ABL Islamic Financial Planning Fund (Conservative Allocation Plan),Shariah Compliant Fund of Funds,"Dec 22, 2015",125.8057,122.9532,122.9532,"Mar 01, 2026",0,0,0,0.00000,DCC
Open-End Funds,ABL Asset Management Company Limited,ABL Islamic Fixed Term Plan V,Shariah Compliant Fixed Rate / Return,"Feb 24, 2026",0.0000,10.0169,10.0169,"Feb 28, 2026",0,0,0,0.00000,CDC
Open-End Funds,ABL Asset Management Company Limited,ABL Islamic Income Fund,Shariah Compliant Income,"Jul 31, 2010",11.0990,10.9092,10.9092,"Mar 02, 2026",0,0,0,0.00000,CDC
Open-End Funds,ABL Asset Management Company Limited,ABL Islamic Money Market Plan I,Shariah Compliant Money Market,"Dec 22, 2023",10.9377,10.6897,10.6897,"Mar 03, 2026",0,0,0,0.00000,CDC
Open-End Funds,ABL Asset Management Company Limited,ABL Islamic Sovereign Plan I,Shariah Compliant Income,"Jul 22, 2024",11.0198,10.6492,10.6492,"Mar 02, 2026",0,0,0,0.00000,CDC
Open-End Funds,ABL Asset Management Company Limited,ABL Islamic Stock Fund,Shariah Compliant Equity,"Jun 11, 2013",29.9336,29.2549,29.2549,"Mar 02, 2026",0,0,0,0.00000,DCC
Open-End Funds,ABL Asset Management Company Limited,ABL Money Market Plan I,Money Market,"Nov 15, 2023",10.9084,10.6611,10.6611,"Mar 03, 2026",0,0,0,0.00000,CDC
Open-End Funds,ABL Asset Management Company Limited,ABL Optimal Asset Allocation Fund,Asset Allocation,"Sep 03, 2025",10.2850,9.9391,9.9391,"Mar 02, 2026",3,0,0,0.00000,CDC
Open-End Funds,ABL Asset Management Company Limited,ABL Special Saving Fund (ABL Special Saving Plan I),Capital Protected,"Sep 19, 2019",10.9282,10.8029,10.8029,"Mar 02, 2026",0,0,0,0.00000,CDC
Open-End Funds,ABL Asset Management Company Limited,ABL Special Saving Fund (ABL Special Saving Plan II),Capital Protected,"Sep 20, 2019",11.5354,11.2738,11.2738,"Mar 02, 2026",0,0,0,0.00000,CDC
Open-End Funds,ABL Asset Management Company Limited,ABL Special Saving Fund (ABL Special Saving Plan III),Capital Protected,"Oct 11, 2019",11.1276,10.8753,10.8753,"Mar 02, 2026",0,0,0,0.00000,CDC
Open-End Funds,ABL Asset Management Company Limited,ABL Special Saving Fund (ABL Special Saving Plan IV),Capital Protected,"Dec 06, 2019",11.0239,10.8975,10.8975,"Mar 02, 2026",0,0,0,0.00000,CDC
Open-End Funds,ABL Asset Management Company Limited,ABL Special Saving Fund (ABL Special Saving Plan V),Capital Protected,"Feb 26, 2021",10.9141,10.7889,10.7889,"Mar 02, 2026",0,0,0,0.00000,CDC
Open-End Funds,ABL Asset Management Company Limited,ABL Special Saving Fund (ABL Special Saving Plan VI),Capital Protected,"Aug 05, 2022",10.8781,10.7534,10.7534,"Mar 02, 2026",0,0,0,0.00000,CDC
Open-End Funds,ABL Asset Management Company Limited,ABL Stock Fund,Equity,"Jun 28, 2009",34.9534,34.1609,34.1609,"Mar 02, 2026",0,0,0,0.00000,CDC
Open-End Funds,ABL Asset Management Company Limited,Allied Finergy Fund,Asset Allocation,"Nov 23, 2018",15.5293,15.0071,15.0071,"Mar 02, 2026",0,0,0,0.00000,CDC
Open-End Funds,AKD Investment Management Limited,AKD Aggressive Income Fund,Aggressive Fixed Income,"Mar 22, 2007",60.6940,60.0040,60.0040,"Mar 02, 2026",0,0,0,0.00000,CDC
Open-End Funds,AKD Investment Management Limited,AKD Cash Fund,Money Market,"Jan 20, 2012",55.5118,55.5118,55.5118,"Mar 02, 2026",0,0,0,0.00000,CDC
Open-End Funds,AKD Investment Management Limited,AKD Index Tracker Fund,Index Tracker,"Oct 11, 2005",37.4027,36.9774,36.9774,"Mar 02, 2026",0,0,0,0.00000,CDC
Open-End Funds,AKD Investment Management Limited,AKD Islamic Cash Fund,Shariah Compliant Money Market,"Feb 17, 2023",52.5173,52.5173,52.5173,"Mar 03, 2026",0,0,0,0.00000,CDC
Open-End Funds,AKD Investment Management Limited,AKD Islamic Income Fund,Shariah Compliant Income,"Feb 20, 2018",55.7053,55.0720,55.0720,"Mar 02, 2026",0,0,0,0.00000,DCC
Open-End Funds,AKD Investment Management Limited,AKD Islamic Stock Fund,Shariah Compliant Equity,"Feb 20, 2018",99.8120,96.4833,96.4833,"Mar 02, 2026",0,0,0,0.00000,DCC
Open-End Funds,AKD Investment Management Limited,AKD Opportunity Fund,Equity,"Mar 31, 2006",193.7803,187.3179,187.3179,"Mar 02, 2026",0,0,0,0.00000,CDC
Open-End Funds,AKD Investment Management Limited,Golden Arrow Stock Fund,Equity,"May 09, 1983",32.6563,31.5672,31.5672,"Mar 02, 2026",0,0,0,0.00000,CDC
Voluntary Pension Scheme (VPS),AL Habib Asset Management Limited,AL Habib Islamic Pension Fund,VPS-Shariah Compliant Debt,"Sep 05, 2022",171.8100,166.8058,166.8058,"Mar 02, 2026",0,0,0,0.00000,CDC
Voluntary Pension Scheme (VPS),AL Habib Asset Management Limited,AL Habib Islamic Pension Fund,VPS-Shariah Compliant Equity,"Sep 05, 2022",425.4365,413.0451,413.0451,"Mar 02, 2026",0,0,0,0.00000,CDC
Employer Pension Funds,AL Habib Asset Management Limited,AL Habib GOKP Islamic Pension Fund,VPS-Shariah Compliant Money Market,"Jan 03, 2024",132.0531,132.0531,132.0531,"Feb 28, 2026",0,0,0,0.00000,CDC
Voluntary Pension Scheme (VPS),AL Habib Asset Management Limited,AL Habib Islamic Pension Fund,VPS-Shariah Compliant Money Market,"Sep 05, 2022",168.6915,163.7782,163.7782,"Mar 02, 2026",0,0,0,0.00000,CDC
Voluntary Pension Scheme (VPS),AL Habib Asset Management Limited,AL Habib Pension Fund,VPS-Debt,"Jun 30, 2022",186.8401,181.3982,181.3982,"Mar 02, 2026",0,0,0,0.00000,CDC
Voluntary Pension Scheme (VPS),AL Habib Asset Management Limited,AL Habib Pension Fund,VPS-Equity,"Jun 30, 2022",488.9264,474.6858,474.6858,"Mar 02, 2026",0,0,0,0.00000,CDC
Employer Pension Funds,AL Habib Asset Management Limited,AL Habib GOKP Pension Fund,VPS-Money Market,"Jan 03, 2024",135.4868,135.4868,135.4868,"Feb 28, 2026",0,0,0,0.00000,CDC
Voluntary Pension Scheme (VPS),AL Habib Asset Management Limited,AL Habib Pension Fund,VPS-Money Market,"Jun 30, 2022",182.0818,176.7784,176.7784,"Mar 02, 2026",0,0,0,0.00000,CDC
Open-End Funds,AL Habib Asset Management Limited,AL Habib Asset Allocation Fund,Asset Allocation,"Nov 08, 2017",118.1662,115.8492,115.8492,"Mar 02, 2026",0,0,0,0.00000,CDC
Open-End Funds,AL Habib Asset Management Limited,AL Habib Cash Fund,Money Market,"Mar 10, 2011",111.8059,108.5494,108.5494,"Mar 03, 2026",0,0,0,0.00000,CDC
Open-End Funds,AL Habib Asset Management Limited,AL Habib Fixed Return Fund Plan 19,Fixed Rate / Return,"Mar 06, 2025",108.0595,108.0595,108.0595,"Mar 02, 2026",0,0,0,0.00000,CDC
Open-End Funds,AL Habib Asset Management Limited,AL Habib Fixed Return Fund Plan 22,Fixed Rate / Return,"May 21, 2025",107.1331,107.1331,107.1331,"Mar 02, 2026",0,0,0,0.00000,CDC
Open-End Funds,AL Habib Asset Management Limited,AL Habib Fixed Return Fund Plan 23,Fixed Rate / Return,"Aug 22, 2025",105.5900,105.5900,105.5900,"Mar 02, 2026",0,0,0,0.00000,CDC
Open-End Funds,AL Habib Asset Management Limited,AL Habib Fixed Return Fund Plan 24,Fixed Rate / Return,"Aug 22, 2025",105.6121,105.6121,105.6121,"Mar 02, 2026",0,0,0,0.00000,CDC
Open-End Funds,AL Habib Asset Management Limited,AL Habib Fixed Return Fund Plan 29,Fixed Rate / Return,"Feb 25, 2026",100.0000,100.0000,100.0000,"Feb 25, 2026",0,0,0,0.00000,CDC
Open-End Funds,AL Habib Asset Management Limited,AL Habib Government Securities Fund,Income,"Jul 13, 2023",110.5454,107.3256,107.3256,"Mar 02, 2026",0,0,0,0.00000,CDC
Open-End Funds,AL Habib Asset Management Limited,AL Habib Income Fund,Income,"May 29, 2007",112.5453,109.2673,109.2673,"Mar 02, 2026",0,0,0,0.00000,CDC
Open-End Funds,AL Habib Asset Management Limited,AL Habib Islamic Cash Fund,Shariah Compliant Money Market,"Dec 20, 2021",110.1359,106.9281,106.9281,"Mar 03, 2026",0,0,0,0.00000,CDC
Open-End Funds,AL Habib Asset Management Limited,AL Habib Islamic Income Fund,Shariah Compliant Income,"Jan 23, 2017",111.7414,108.4868,108.4868,"Mar 02, 2026",0,0,0,0.00000,CDC
Open-End Funds,AL Habib Asset Management Limited,AL Habib Islamic Savings Fund,Shariah Compliant Income,"Dec 20, 2021",110.2062,106.9963,106.9963,"Mar 03, 2026",0,0,0,0.00000,CDC
Open-End Funds,AL Habib Asset Management Limited,AL Habib Islamic Stock Fund,Shariah Compliant Equity,"Nov 09, 2012",163.1685,159.9691,159.9691,"Mar 02, 2026",0,0,0,0.00000,CDC
Open-End Funds,AL Habib Asset Management Limited,AL Habib Money Market Fund,Money Market,"Dec 20, 2021",110.5340,107.3146,107.3146,"Mar 03, 2026",0,0,0,0.00000,CDC
Open-End Funds,AL Habib Asset Management Limited,AL Habib Sovereign Income Fund Plan 1,Income,"Jun 03, 2025",107.2211,107.2211,107.2211,"Mar 02, 2026",0,0,0,0.00000,CDC
Open-End Funds,AL Habib Asset Management Limited,AL Habib Sovereign Income Fund Plan 2,Income,"Jun 19, 2025",107.2438,107.2438,107.2438,"Mar 02, 2026",0,0,0,0.00000,CDC
Open-End Funds,AL Habib Asset Management Limited,AL Habib Sovereign Income Fund Plan 3,Income,"Jun 19, 2025",107.2603,107.2603,107.2603,"Mar 02, 2026",0,0,0,0.00000,CDC
Open-End Funds,AL Habib Asset Management Limited,AL Habib Stock Fund,Equity,"Oct 08, 2009",162.3851,159.2011,159.2011,"Mar 02, 2026",0,0,0,0.00000,CDC
Voluntary Pension Scheme (VPS),Al Meezan Investment Management Limited,Meezan Tahaffuz Pension Fund,VPS-Shariah Compliant Debt,"Jun 28, 2007",0.0000,0.0000,512.4224,"Mar 02, 2026",0,0,0,0.00000,CDC
Voluntary Pension Scheme (VPS),Al Meezan Investment Management Limited,Meezan Tahaffuz Pension Fund,VPS-Shariah Compliant Equity,"Jun 28, 2007",0.0000,0.0000,1536.6408,"Mar 02, 2026",0,0,0,0.00000,CDC
Employer Pension Funds,Al Meezan Investment Management Limited,Meezan GOKP Pension Fund,VPS-Shariah Compliant Money Market,"Dec 14, 2023",0.0000,0.0000,139.1337,"Mar 02, 2026",0,0,0,0.00000,CDC
Employer Pension Funds,Al Meezan Investment Management Limited,Meezan Islamic Government of Punjab Pension Fund,VPS-Shariah Compliant Money Market,"Nov 21, 2025",0.0000,0.0000,102.7221,"Mar 02, 2026",0,0,0,0.00000,CDC
Voluntary Pension Scheme (VPS),Al Meezan Investment Management Limited,Meezan Tahaffuz Pension Fund,VPS-Shariah Compliant Money Market,"Jun 28, 2007",0.0000,0.0000,509.9660,"Mar 02, 2026",0,0,0,0.00000,CDC
Open-End Funds,Al Meezan Investment Management Limited,Al Meezan Mutual Fund,Shariah Compliant Equity,"Jul 13, 1995",43.8207,42.8355,42.8355,"Mar 02, 2026",0,0,0,0.00000,CDC
Open-End Funds,Al Meezan Investment Management Limited,KSE Meezan Index Fund,Shariah Compliant Index Tracker,"May 28, 2012",163.6172,159.5488,159.5488,"Mar 02, 2026",0,0,0,0.00000,CDC
Open-End Funds,Al Meezan Investment Management Limited,Meezan Asset Allocation Fund,Shariah Compliant Asset Allocation,"Apr 18, 2016",114.8039,110.9753,110.9753,"Feb 27, 2026",0.2,0,0,0.00000,CDC
Open-End Funds,Al Meezan Investment Management Limited,Meezan Balanced Fund,Shariah Compliant Balanced,"Dec 20, 2004",25.9761,25.3921,25.3921,"Mar 02, 2026",0,0,0,0.00000,CDC
Open-End Funds,Al Meezan Investment Management Limited,Meezan Cash Fund,Shariah Compliant Money Market,"Jun 15, 2009",54.6667,54.6667,54.6667,"Mar 02, 2026",0,0,0,0.00000,CDC
Open-End Funds,Al Meezan Investment Management Limited,Meezan Daily Income Fund (MDIP I),Shariah Compliant Income,"Sep 13, 2021",50.5750,50.0000,50.0000,"Mar 02, 2026",0,0,0,0.00000,CDC
Open-End Funds,Al Meezan Investment Management Limited,Meezan Daily Income Fund (Meezan Mahana Munafa Plan),Shariah Compliant Income,"Oct 29, 2022",50.0000,50.0000,50.0000,"Mar 02, 2026",0,0,0,0.00000,CDC
Open-End Funds,Al Meezan Investment Management Limited,Meezan Daily Income Fund (Meezan Munafa Plan I),Shariah Compliant Income,"Aug 29, 2023",54.3083,53.6909,53.6909,"Mar 02, 2026",0,0,0,0.00000,CDC
Open-End Funds,Al Meezan Investment Management Limited,Meezan Daily Income Fund (Meezan Sehl Account Plan) (MSHP),Shariah Compliant Income,"Jun 19, 2023",53.2469,53.2469,53.2469,"Mar 03, 2026",0,0,0,0.00000,CDC
Open-End Funds,Al Meezan Investment Management Limited,Meezan Daily Income Fund (Meezan Super Saver Plan) (MSSP),Shariah Compliant Income,"Apr 22, 2024",53.4270,53.4270,53.4270,"Mar 02, 2026",0,0,0,0.00000,CDC
Dedicated Equity Funds,Al Meezan Investment Management Limited,Meezan Dedicated Equity Fund,Shariah Compliant Dedicated Equity,"Oct 06, 2017",83.4280,80.6458,80.6458,"Mar 02, 2026",0,0,0,0.00000,CDC
Open-End Funds,Al Meezan Investment Management Limited,Meezan Dynamic Asset Allocation Fund (Meezan Dividend Yield Plan),Shariah Compliant Asset Allocation,"Aug 28, 2024",88.9114,86.9125,86.9125,"Feb 27, 2026",2,0,0,0.00000,CDC
Open-End Funds,Al Meezan Investment Management Limited,Meezan Energy Fund,Shariah Compliant Equity,"Nov 30, 2016",59.7897,57.7958,57.7958,"Feb 27, 2026",0,0,0,0.00000,CDC
Open-End Funds,Al Meezan Investment Management Limited,Meezan Financial Planning Fund of Funds (Aggressive),Shariah Compliant Fund of Funds,"Apr 12, 2013",178.7185,174.7004,174.7004,"Mar 01, 2026",0,0,0,0.00000,CDC
Open-End Funds,Al Meezan Investment Management Limited,Meezan Financial Planning Fund of Funds (Conservative),Shariah Compliant Fund of Funds,"Apr 12, 2013",121.4162,120.0358,120.0358,"Mar 01, 2026",0,0,0,0.00000,CDC
Open-End Funds,Al Meezan Investment Management Limited,Meezan Financial Planning Fund of Funds (MAAP I),Shariah Compliant Fund of Funds,"Jul 09, 2015",0.0000,136.0664,136.0664,"Mar 01, 2026",0,0,0,0.00000,CDC
Open-End Funds,Al Meezan Investment Management Limited,Meezan Financial Planning Fund of Funds (Moderate),Shariah Compliant Fund of Funds,"Apr 12, 2013",143.9493,141.5083,141.5083,"Mar 01, 2026",0,0,0,0.00000,CDC
Open-End Funds,Al Meezan Investment Management Limited,Meezan Financial Planning Fund of Funds (Very Conservative Allocation Plan),Shariah Compliant Fund of Funds,"Aug 18, 2023",54.4649,53.8457,53.8457,"Mar 01, 2026",0,0,0,0.00000,CDC
Open-End Funds,Al Meezan Investment Management Limited,Meezan Gold Fund,Shariah Compliant Commodities,"Aug 13, 2015",343.4658,0.0000,332.4936,"Mar 01, 2026",0,0,0,0.00000,CDC
Open-End Funds,Al Meezan Investment Management Limited,Meezan Islamic Asaan Cash Fund,Shariah Compliant Money Market,"Jan 28, 2026",50.4337,50.4337,50.4337,"Mar 02, 2026",0,0,0,0.00000,CDC
Open-End Funds,Al Meezan Investment Management Limited,Meezan Islamic Fund,Shariah Compliant Equity,"Aug 08, 2003",145.6540,142.3793,142.3793,"Mar 02, 2026",0,0,0,0.00000,CDC
Open-End Funds,Al Meezan Investment Management Limited,Meezan Islamic Income Fund,Shariah Compliant Income,"Jan 15, 2007",55.5359,54.9045,54.9045,"Mar 02, 2026",0,0,0,0.00000,CDC
Open-End Funds,Al Meezan Investment Management Limited,Meezan Paidaar Munafa Plan 34,Shariah Compliant Fixed Rate / Return,"Feb 26, 2026",50.0000,50.0000,50.0000,"Feb 26, 2026",0,0,0,0.00000,CDC
Open-End Funds,Al Meezan Investment Management Limited,Meezan Paidaar Munafa Plan 35,Shariah Compliant Fixed Rate / Return,"Jan 15, 2026",0.0000,50.5210,50.5210,"Feb 23, 2026",0,0,0,0.00000,CDC
Open-End Funds,Al Meezan Investment Management Limited,Meezan Paidaar Munafa Plan 36,Shariah Compliant Fixed Rate / Return,"Jan 15, 2026",0.0000,50.5598,50.5598,"Feb 27, 2026",0,0,0,0.00000,CDC
Open-End Funds,Al Meezan Investment Management Limited,Meezan Paidaar Munafa Plan 37,Shariah Compliant Fixed Rate / Return,"Feb 05, 2026",0.0000,50.2998,50.2998,"Feb 27, 2026",0,0,0,0.00000,CDC
Open-End Funds,Al Meezan Investment Management Limited,Meezan Paidaar Munafa Plan 38,Shariah Compliant Fixed Rate / Return,"Feb 26, 2026",0.0000,50.0136,50.0136,"Feb 27, 2026",0,0,0,0.00000,CDC
Open-End Funds,Al Meezan Investment Management Limited,Meezan Paidaar Munafa Plan 39,Shariah Compliant Fixed Rate / Return,"Feb 26, 2026",0.0000,50.0135,50.0135,"Feb 27, 2026",0,0,0,0.00000,CDC
Open-End Funds,Al Meezan Investment Management Limited,Meezan Paidaar Munafa Plan XXXI,Shariah Compliant Fixed Rate / Return,"Nov 20, 2025",0.0000,51.3661,51.3661,"Feb 23, 2026",0,0,0,0.00000,CDC
Exchange Traded Fund (ETF),Al Meezan Investment Management Limited,Meezan Pakistan ETF,Shariah Compliant Exchange Traded Fund,"Oct 06, 2020",18.0790,18.0790,18.0790,"Mar 02, 2026",0,0,0,18.34000,CDC
Open-End Funds,Al Meezan Investment Management Limited,Meezan Rozana Amdani Fund,Shariah Compliant Money Market,"Dec 28, 2018",50.0000,50.0000,50.0000,"Mar 02, 2026",0,0,0,0.00000,CDC
Open-End Funds,Al Meezan Investment Management Limited,Meezan Sovereign Fund,Shariah Compliant Income,"Feb 10, 2010",55.8420,55.2072,55.2072,"Mar 02, 2026",0,0,0,0.00000,CDC
Open-End Funds,Al Meezan Investment Management Limited,Meezan Strategic Allocation Fund (MSAP I),Shariah Compliant Fund of Funds,"Oct 19, 2016",0.0000,90.9708,90.9708,"Feb 26, 2026",0,0,0,0.00000,CDC
Open-End Funds,Al Meezan Investment Management Limited,Meezan Strategic Allocation Fund (MSAP II),Shariah Compliant Fund of Funds,"Dec 22, 2016",0.0000,77.7040,77.7040,"Feb 26, 2026",0,0,0,0.00000,CDC
Open-End Funds,Al Meezan Investment Management Limited,Meezan Strategic Allocation Fund (MSAP III),Shariah Compliant Fund of Funds,"Feb 20, 2017",0.0000,86.2558,86.2558,"Feb 26, 2026",0,0,0,0.00000,CDC
Open-End Funds,Al Meezan Investment Management Limited,Meezan Strategic Allocation Fund (MSAP IV),Shariah Compliant Fund of Funds,"Apr 24, 2017",0.0000,90.5060,90.5060,"Feb 26, 2026",0,0,0,0.00000,CDC
Open-End Funds,Al Meezan Investment Management Limited,Meezan Strategic Allocation Fund (MSAP V),Shariah Compliant Fund of Funds,"Aug 17, 2017",0.0000,101.9765,101.9765,"Feb 26, 2026",0,0,0,0.00000,CDC
Voluntary Pension Scheme (VPS),Al Meezan Investment Management Limited,Meezan Tahaffuz Pension Fund,VPS-Shariah Compliant Commodities / Gold,"Aug 04, 2016",0.0000,0.0000,616.5996,"Mar 01, 2026",0,0,0,0.00000,CDC
Voluntary Pension Scheme (VPS),Alfalah Asset Management Limited,Alfalah GHP Islamic Pension Fund,VPS-Shariah Compliant Debt,"Nov 08, 2016",219.3287,212.0142,212.0142,"Mar 02, 2026",0,0,0,0.00000,CDC
Voluntary Pension Scheme (VPS),Alfalah Asset Management Limited,Alfalah GHP Islamic Pension Fund,VPS-Shariah Compliant Equity,"Nov 08, 2016",293.1725,283.3954,283.3954,"Mar 02, 2026",0,0,0,0.00000,CDC
Voluntary Pension Scheme (VPS),Alfalah Asset Management Limited,Alfalah GHP Islamic Pension Fund,VPS-Shariah Compliant Money Market,"Nov 08, 2016",225.2549,217.7428,217.7428,"Mar 02, 2026",0,0,0,0.00000,CDC
Employer Pension Funds,Alfalah Asset Management Limited,Alfalah Islamic KPK Employee Pension Fund,VPS-Shariah Compliant Money Market,"Dec 14, 2023",130.4655,130.4655,130.4655,"Mar 02, 2026",0,0,0,0.00000,CDC
Voluntary Pension Scheme (VPS),Alfalah Asset Management Limited,Alfalah GHP Pension Fund,VPS-Debt,"Nov 08, 2016",254.4307,245.9456,245.9456,"Mar 02, 2026",0,0,0,0.00000,CDC
Voluntary Pension Scheme (VPS),Alfalah Asset Management Limited,Alfalah Pension Fund - II,VPS-Debt,"Oct 05, 2021",122.5945,118.5060,118.5060,"Mar 02, 2026",0,0,0,0.00000,CDC
Voluntary Pension Scheme (VPS),Alfalah Asset Management Limited,Alfalah GHP Pension Fund,VPS-Equity,"Nov 08, 2016",314.6120,304.1199,304.1199,"Mar 02, 2026",0,0,0,0.00000,CDC
Voluntary Pension Scheme (VPS),Alfalah Asset Management Limited,Alfalah Pension Fund - II,VPS-Equity,"Oct 05, 2021",195.3676,188.8522,188.8522,"Mar 02, 2026",0,0,0,0.00000,CDC
Voluntary Pension Scheme (VPS),Alfalah Asset Management Limited,Alfalah GHP Pension Fund,VPS-Money Market,"Nov 08, 2016",257.1481,248.5724,248.5724,"Mar 02, 2026",0,0,0,0.00000,CDC
Employer Pension Funds,Alfalah Asset Management Limited,Alfalah KPK Employee Pension Fund,VPS-Money Market,"Dec 14, 2023",135.0374,135.0374,135.0374,"Mar 02, 2026",0,0,0,0.00000,CDC
Voluntary Pension Scheme (VPS),Alfalah Asset Management Limited,Alfalah Pension Fund - II,VPS-Money Market,"Oct 05, 2021",0.0000,0.0000,0.0000,"Mar 02, 2026",0,0,0,0.00000,CDC
Open-End Funds,Alfalah Asset Management Limited,Alfalah Asset Allocation Fund,Asset Allocation,"Jul 24, 2006",75.8286,73.2998,73.2998,"Mar 02, 2026",0,0,0,0.00000,CDC
Open-End Funds,Alfalah Asset Management Limited,Alfalah Cash Fund - II,Money Market,"Dec 22, 2020",111.9171,109.4009,109.4009,"Mar 02, 2026",0,0,0,0.00000,CDC
Exchange Traded Fund (ETF),Alfalah Asset Management Limited,Alfalah Consumer Index Exchange Traded Fund,Exchange Traded Fund,"Jan 17, 2022",15.8700,15.8728,15.8700,"Mar 02, 2026",0,0,0,0.00000,CDC
Open-End Funds,Alfalah Asset Management Limited,Alfalah Financial Sector Income Fund,Income,"Aug 02, 2023",109.7595,107.2918,107.2918,"Mar 02, 2026",0,0,0,0.00000,
Open-End Funds,Alfalah Asset Management Limited,Alfalah Financial Sector Opportunity Fund,Income,"Jul 05, 2013",127.6027,124.7338,124.7338,"Mar 02, 2026",0,0,0,0.00000,CDC
Open-End Funds,Alfalah Asset Management Limited,Alfalah Financial Value Fund (Alfalah Financial Value Plan I),Asset Allocation,"Oct 19, 2023",152.9951,147.8928,147.8928,"Mar 02, 2026",0,0,0,0.00000,CDC
Open-End Funds,Alfalah Asset Management Limited,Alfalah Financial Value Fund - II,Asset Allocation,"Feb 10, 2025",105.5627,102.0422,102.0422,"Mar 02, 2026",3,3,0,0.00000,CDC
Open-End Funds,Alfalah Asset Management Limited,Alfalah GHP Alpha Fund,Equity,"Sep 09, 2008",107.7121,104.1197,104.1200,"Mar 02, 2026",0,0,0,0.00000,CDC
Open-End Funds,Alfalah Asset Management Limited,Alfalah GHP Cash Fund,Money Market,"Mar 13, 2010",548.7655,536.4277,536.4277,"Mar 02, 2026",0,0,0,0.00000,CDC
Dedicated Equity Funds,Alfalah Asset Management Limited,Alfalah GHP Dedicated Equity Fund,Dedicated Equity,"Nov 28, 2022",194.1774,189.8117,189.8117,"Mar 02, 2026",0,0,0,0.00000,CDC
Open-End Funds,Alfalah Asset Management Limited,Alfalah GHP Income Fund,Income,"Apr 14, 2007",125.0376,122.2264,122.2264,"Mar 02, 2026",2,3,3,0.00000,CDC
Open-End Funds,Alfalah Asset Management Limited,Alfalah GHP Income Multiplier Fund,Aggressive Fixed Income,"Jun 15, 2007",64.1907,62.0500,62.0500,"Mar 02, 2026",6,6,6,0.00000,CDC
Dedicated Equity Funds,Alfalah Asset Management Limited,Alfalah GHP Islamic Dedicated Equity Fund,Shariah Compliant Dedicated Equity,"May 25, 2017",105.4590,103.6707,103.6707,"Mar 02, 2026",0,0,0,0.00000,CDC
Open-End Funds,Alfalah Asset Management Limited,Alfalah GHP Islamic Income Fund,Shariah Compliant Income,"Dec 03, 2009",112.3558,109.8297,109.8297,"Mar 02, 2026",0,0,0,0.00000,CDC
Open-End Funds,Alfalah Asset Management Limited,Alfalah GHP Islamic Prosperity Planning Fund (Alfalah GHP Islamic Active Allocation Plan II),Shariah Compliant Fund of Funds,"Nov 01, 2016",102.0121,99.1612,99.1612,"Feb 27, 2026",0,0,0,0.00000,CDC
Open-End Funds,Alfalah Asset Management Limited,Alfalah GHP Islamic Prosperity Planning Fund (Alfalah GHP Islamic Balance Allocation Plan),Shariah Compliant Fund of Funds,"Jun 11, 2016",111.1065,109.5320,109.5320,"Feb 27, 2026",0,0,0,0.00000,CDC
Open-End Funds,Alfalah Asset Management Limited,Alfalah GHP Islamic Prosperity Planning Fund (Alfalah GHP Islamic Moderate Allocation Plan),Shariah Compliant Fund of Funds,"Jun 11, 2016",0.0000,117.1015,117.1015,"Feb 28, 2026",0,0,0,0.00000,CDC
Open-End Funds,Alfalah Asset Management Limited,Alfalah GHP Islamic Stock Fund,Shariah Compliant Equity,"Sep 03, 2007",64.7516,62.5922,62.5922,"Mar 02, 2026",0,0,0,0.00000,CDC
Open-End Funds,Alfalah Asset Management Limited,Alfalah GHP Islamic Value Fund,Shariah Compliant Asset Allocation,"Oct 12, 2017",140.8002,137.6346,137.6346,"Mar 02, 2026",0,0,0,0.00000,CDC
Open-End Funds,Alfalah Asset Management Limited,Alfalah GHP Money Market Fund,Money Market,"May 27, 2010",108.0735,105.6437,105.6437,"Mar 02, 2026",1,0,0,0.00000,CDC
Open-End Funds,Alfalah Asset Management Limited,Alfalah GHP Prosperity Planning Fund (Alfalah GHP Active Allocation Plan),Fund of Funds,"Sep 12, 2015",125.4210,122.6012,122.6012,"Feb 27, 2026",0,0,0,0.00000,CDC
Open-End Funds,Alfalah Asset Management Limited,Alfalah GHP Prosperity Planning Fund (Alfalah GHP Conservative Allocation Plan),Fund of Funds,"Sep 12, 2015",123.1659,121.7656,121.7656,"Feb 28, 2026",0,0,0,0.00000,CDC
Open-End Funds,Alfalah Asset Management Limited,Alfalah GHP Prosperity Planning Fund (Alfalah GHP Moderate Allocation Plan),Fund of Funds,"Sep 12, 2015",117.9174,115.9178,115.9178,"Feb 28, 2026",0,0,0,0.00000,CDC
Open-End Funds,Alfalah Asset Management Limited,Alfalah GHP Prosperity Planning Fund (Capital Preservation Plan IV),Fund of Funds,"May 16, 2024",0.0000,115.7056,115.7056,"Feb 27, 2026",0,0,0,0.00000,CDC
Open-End Funds,Alfalah Asset Management Limited,Alfalah GHP Sovereign Fund,Income,"May 10, 2014",117.4006,114.7611,114.7611,"Mar 02, 2026",0,0,0,0.00000,CDC
Open-End Funds,Alfalah Asset Management Limited,Alfalah GHP Stock Fund,Equity,"Jul 15, 2008",183.1440,178.0258,178.0258,"Mar 02, 2026",0,0,0,0.00000,CDC
Open-End Funds,Alfalah Asset Management Limited,Alfalah GHP Value Fund,Asset Allocation,"Oct 28, 2005",86.3955,83.5143,83.5143,"Mar 02, 2026",0,0,0,0.00000,CDC
Open-End Funds,Alfalah Asset Management Limited,Alfalah Government Securities Fund - II,Income,"Mar 16, 2020",137.4263,134.3366,134.3366,"Mar 02, 2026",0,0,0,0.00000,CDC
Open-End Funds,Alfalah Asset Management Limited,Alfalah Government Securities Fund Plan I,Income,"Sep 10, 2024",110.6837,106.9925,106.9925,"Mar 02, 2026",0,0,0,0.00000,CDC
Open-End Funds,Alfalah Asset Management Limited,Alfalah Government Securities Fund Plan II,Income,"Nov 12, 2024",109.6893,106.0312,106.0312,"Mar 02, 2026",0,0,0,0.00000,CDC
Open-End Funds,Alfalah Asset Management Limited,Alfalah Income & Growth Fund,Aggressive Fixed Income,"Oct 10, 2005",127.1123,124.2544,124.2544,"Mar 02, 2026",0,0,0,0.00000,CDC
Open-End Funds,Alfalah Asset Management Limited,Alfalah Islamic Money Market Fund,Shariah Compliant Money Market,"Apr 13, 2023",109.5316,107.0690,107.0690,"Mar 02, 2026",0,0,0,0.00000,
Open-End Funds,Alfalah Asset Management Limited,Alfalah Islamic Rozana Amdani Fund,Shariah Compliant Money Market,"Sep 21, 2020",102.8197,100.5080,100.5080,"Mar 02, 2026",0,0,0,0.00000,CDC
Open-End Funds,Alfalah Asset Management Limited,Alfalah Islamic Sovereign Fund (Alfalah Islamic Sovereign Plan I),Shariah Compliant Income,"Sep 26, 2023",103.2584,99.8148,99.8148,"Mar 02, 2026",0,0,0,0.00000,
Open-End Funds,Alfalah Asset Management Limited,Alfalah Islamic Sovereign Fund (Alfalah Islamic Sovereign Plan II),Shariah Compliant Income,"Dec 13, 2023",120.7910,116.7627,116.7627,"Mar 02, 2026",0,0,0,0.00000,CDC
Open-End Funds,Alfalah Asset Management Limited,Alfalah Islamic Sovereign Fund (Alfalah Islamic Sovereign Plan III),Shariah Compliant Income,"Aug 22, 2024",110.6317,106.9422,106.9422,"Mar 02, 2026",0,0,0,0.00000,CDC
Open-End Funds,Alfalah Asset Management Limited,Alfalah Islamic Stable Return Fund Plan  X,Shariah Compliant Fixed Rate / Return,"Dec 11, 2025",102.3525,102.3525,102.3525,"Mar 02, 2026",0,0,0,0.00000,CDC
Open-End Funds,Alfalah Asset Management Limited,Alfalah Islamic Stable Return Fund Plan XII,Shariah Compliant Fixed Rate / Return,"Feb 02, 2026",100.6851,100.6851,100.6851,"Feb 27, 2026",0,0,0,0.00000,CDC
Open-End Funds,Alfalah Asset Management Limited,Alfalah Islamic Stable Return Fund Plan XIII,Shariah Compliant Fixed Rate / Return,"Feb 16, 2026",100.2936,100.2936,100.2936,"Feb 27, 2026",0,0,0,0.00000,CDC
Open-End Funds,Alfalah Asset Management Limited,Alfalah KTrade Islamic Plan VII,Shariah Compliant Fund of Funds,"Aug 21, 2023",135.2858,130.7741,130.7741,"Feb 28, 2026",0,0,0,0.00000,
Open-End Funds,Alfalah Asset Management Limited,Alfalah Money Market Fund - II,Money Market,"Dec 13, 2010",112.9191,110.3804,110.3804,"Mar 02, 2026",0,0,0,0.00000,CDC
Open-End Funds,Alfalah Asset Management Limited,Alfalah MTS Fund,Income,"Apr 11, 2016",114.1081,111.5426,111.5426,"Mar 02, 2026",0,0,0,0.00000,CDC
Open-End Funds,Alfalah Asset Management Limited,Alfalah Savings Growth Fund,Income,"May 11, 2007",114.6570,112.0792,112.0792,"Mar 02, 2026",0,0,0,0.00000,CDC
Open-End Funds,Alfalah Asset Management Limited,Alfalah Special Savings Fund - I,Capital Protected,"Oct 01, 2021",147.4826,144.1668,144.1668,"Mar 02, 2026",0,0,0,0.00000,CDC
Open-End Funds,Alfalah Asset Management Limited,Alfalah Special Savings Fund - II,Capital Protected,"Jul 26, 2022",116.5287,113.9088,113.9088,"Mar 02, 2026",0,0,0,0.00000,CDC
Open-End Funds,Alfalah Asset Management Limited,Alfalah Stable Return Fund Plan XX,Fixed Rate / Return,"May 15, 2025",105.9577,105.9577,105.9577,"Mar 02, 2026",0,0,0,0.00000,CDC
Open-End Funds,Alfalah Asset Management Limited,Alfalah Stable Return Fund Plan XXI,Fixed Rate / Return,"Jun 24, 2025",106.9919,106.9919,106.9919,"Mar 02, 2026",0,0,0,0.00000,CDC
Open-End Funds,Alfalah Asset Management Limited,Alfalah Stable Return Fund Plan XXII,Fixed Rate / Return,"Sep 09, 2025",105.0358,105.0358,105.0358,"Mar 02, 2026",0,0,0,0.00000,CDC
Open-End Funds,Alfalah Asset Management Limited,Alfalah Stable Return Fund Plan XXIII,Fixed Rate / Return,"Oct 13, 2025",104.2050,104.2050,104.2050,"Mar 02, 2026",0,0,0,0.00000,CDC
Open-End Funds,Alfalah Asset Management Limited,Alfalah Stable Return Fund Plan XXIV,Fixed Rate / Return,"Oct 22, 2025",103.8544,103.8544,103.8544,"Mar 02, 2026",0,0,0,0.00000,CDC
Open-End Funds,Alfalah Asset Management Limited,Alfalah Stable Return Fund Plan XXVI,Fixed Rate / Return,"Nov 18, 2025",103.3816,103.3816,103.3816,"Mar 02, 2026",0,0,0,0.00000,CDC
Open-End Funds,Alfalah Asset Management Limited,Alfalah Stock Fund - II,Equity,"Apr 19, 2004",74.6082,72.1201,72.1201,"Mar 02, 2026",0,0,0,0.00000,CDC
Open-End Funds,Alfalah Asset Management Limited,Alfalah Strategic Allocation Fund Plan - I,Fund of Funds,"Nov 21, 2024",126.0480,121.8444,121.8444,"Feb 27, 2026",0,0,0,0.00000,CDC
Voluntary Pension Scheme (VPS),Atlas Asset Management Limited,Atlas Pension Islamic Fund,VPS-Shariah Compliant Debt,"Nov 06, 2007",470.4400,470.4400,470.4400,"Mar 02, 2026",0,0,0,0.00000,CDC
Voluntary Pension Scheme (VPS),Atlas Asset Management Limited,Atlas Pension Islamic Fund,VPS-Shariah Compliant Equity,"Nov 06, 2007",2345.5600,2345.5600,2345.5600,"Mar 02, 2026",0,0,0,0.00000,CDC
Employer Pension Funds,Atlas Asset Management Limited,Atlas KPK Islamic Pension Fund,VPS-Shariah Compliant Money Market,"Dec 13, 2023",135.4400,135.4400,135.4400,"Mar 02, 2026",0,0,0,0.00000,CDC
Voluntary Pension Scheme (VPS),Atlas Asset Management Limited,Atlas Pension Islamic Fund,VPS-Shariah Compliant Money Market,"Nov 06, 2007",498.2100,498.2100,498.2100,"Mar 02, 2026",0,0,0,0.00000,CDC
Employer Pension Funds,Atlas Asset Management Limited,Atlas Punjab Islamic Pension Fund,VPS-Shariah Compliant Money Market,"Nov 21, 2025",101.7598,101.7598,101.7598,"Mar 02, 2026",0,0,0,0.00000,CDC
Voluntary Pension Scheme (VPS),Atlas Asset Management Limited,Atlas Pension Fund,VPS-Debt,"Jun 28, 2007",643.4000,643.4000,643.4000,"Mar 02, 2026",0,0,0,0.00000,CDC
Voluntary Pension Scheme (VPS),Atlas Asset Management Limited,Atlas Pension Fund,VPS-Equity,"Jun 28, 2007",2149.4000,2149.4000,2149.4000,"Mar 02, 2026",0,0,0,0.00000,CDC
Voluntary Pension Scheme (VPS),Atlas Asset Management Limited,Atlas Pension Fund,VPS-Money Market,"Jun 28, 2007",596.7200,596.7200,596.7200,"Mar 02, 2026",0,0,0,0.00000,CDC
Employer Pension Funds,Atlas Asset Management Limited,Atlas Punjab Pension Fund,VPS-Money Market,"Nov 21, 2025",102.5745,102.5745,102.5745,"Mar 02, 2026",0,0,0,0.00000,CDC
Open-End Funds,Atlas Asset Management Limited,Atlas Dividend Yield Fund,Equity,"Feb 10, 2026",86.4873,86.4873,86.4873,"Mar 02, 2026",0,0,0,0.00000,CDC
Open-End Funds,Atlas Asset Management Limited,Atlas Financial Sector Fund,Equity,"Feb 10, 2026",86.9530,86.9530,86.9530,"Mar 02, 2026",0,0,0,0.00000,CDC
Open-End Funds,Atlas Asset Management Limited,Atlas Income Fund,Income,"Mar 22, 2004",566.0916,566.0916,566.0916,"Mar 02, 2026",0,0,0,0.00000,CDC
Open-End Funds,Atlas Asset Management Limited,Atlas Islamic Cash Fund,Shariah Compliant Money Market,"Jul 03, 2024",535.1047,535.1047,535.1047,"Mar 02, 2026",0,0,0,0.00000,CDC
Dedicated Equity Funds,Atlas Asset Management Limited,Atlas Islamic Dedicated Stock Fund,Shariah Compliant Dedicated Equity,"Jan 10, 2019",1430.8349,1430.8349,1430.8349,"Mar 02, 2026",0,0,0,0.00000,CDC
Open-End Funds,Atlas Asset Management Limited,Atlas Islamic Fund of Funds (Atlas Aggressive Allocation Islamic Plan),Shariah Compliant Fund of Funds,"Jan 07, 2019",1307.1314,1307.1314,1307.1314,"Mar 02, 2026",0,0,0,0.00000,CDC
Open-End Funds,Atlas Asset Management Limited,Atlas Islamic Fund of Funds (Atlas Conservative Allocation Islamic Plan),Shariah Compliant Fund of Funds,"Jan 07, 2019",892.3719,892.3719,892.3719,"Mar 02, 2026",0,0,0,0.00000,CDC
Open-End Funds,Atlas Asset Management Limited,Atlas Islamic Fund of Funds (Atlas Moderate Allocation Islamic Plan),Shariah Compliant Fund of Funds,"Jan 07, 2019",1133.0341,1133.0341,1133.0341,"Mar 02, 2026",0,0,0,0.00000,CDC
Open-End Funds,Atlas Asset Management Limited,Atlas Islamic Income Fund,Shariah Compliant Income,"Oct 14, 2008",548.5081,548.5081,548.5081,"Mar 02, 2026",0,0,0,0.00000,CDC
Open-End Funds,Atlas Asset Management Limited,Atlas Islamic Money Market Fund,Shariah Compliant Money Market,"Jan 07, 2021",540.2420,540.2420,540.2420,"Mar 02, 2026",0,0,0,0.00000,CDC
Open-End Funds,Atlas Asset Management Limited,Atlas Islamic Stock Fund,Shariah Compliant Equity,"Jan 15, 2007",1396.8396,1396.8396,1396.8396,"Mar 02, 2026",0,0,0,0.00000,CDC
Open-End Funds,Atlas Asset Management Limited,Atlas Liquid Fund,Money Market,"Nov 23, 2021",536.4175,536.4175,536.4175,"Mar 03, 2026",0,0,0,0.00000,CDC
Open-End Funds,Atlas Asset Management Limited,Atlas Money Market Fund,Money Market,"Jan 21, 2010",548.5403,548.5403,548.5403,"Mar 02, 2026",0,0,0,0.00000,CDC
Open-End Funds,Atlas Asset Management Limited,Atlas Sovereign Fund,Income,"Dec 01, 2014",109.8449,109.8449,109.8449,"Mar 02, 2026",0,0,0,0.00000,CDC
Open-End Funds,Atlas Asset Management Limited,Atlas Stock Market Fund,Equity,"Nov 23, 2004",1889.4129,1889.4129,1889.4129,"Mar 02, 2026",0,0,0,0.00000,CDC
Voluntary Pension Scheme (VPS),AWT Investments Limited,AWT Islamic Pension Fund,VPS-Shariah Compliant Debt,"Apr 07, 2025",111.0894,111.0894,111.0894,"Mar 02, 2026",0,0,0,0.00000,CDC
Voluntary Pension Scheme (VPS),AWT Investments Limited,AWT Islamic Pension Fund,VPS-Shariah Compliant Equity,"Apr 07, 2025",114.9885,114.9885,114.9885,"Mar 02, 2026",0,0,0,0.00000,CDC
Voluntary Pension Scheme (VPS),AWT Investments Limited,AWT Islamic Pension Fund,VPS-Shariah Compliant Money Market,"Apr 07, 2025",109.3103,109.3103,109.3103,"Mar 02, 2026",0,0,0,0.00000,CDC
Open-End Funds,AWT Investments Limited,AWT Financial Sector Income Fund,Income,"Dec 19, 2022",105.2028,105.2028,105.2028,"Mar 02, 2026",0,0,0,0.00000,CDC
Open-End Funds,AWT Investments Limited,AWT Income Fund,Income,"Aug 08, 2012",118.7939,117.4433,117.4433,"Mar 02, 2026",0,0,0,0.00000,CDC
Open-End Funds,AWT Investments Limited,AWT Islamic Asset Allocation Fund,Shariah Compliant Asset Allocation,"Sep 22, 2025",167.4177,163.6537,163.6537,"Mar 02, 2026",0,0,0,0.00000,CDC
Open-End Funds,AWT Investments Limited,AWT Islamic Income Fund,Shariah Compliant Income,"Mar 04, 2014",115.2999,112.7076,112.7076,"Mar 02, 2026",0,0,0,0.00000,CDC
Open-End Funds,AWT Investments Limited,AWT Islamic Money Market Fund,Shariah Compliant Money Market,"Feb 26, 2025",125.9492,125.9492,125.9492,"Mar 02, 2026",0.5,0,0,0.00000,CDC
Open-End Funds,AWT Investments Limited,AWT Islamic Stock Fund,Shariah Compliant Equity,"Mar 04, 2014",170.0905,166.2664,166.2664,"Mar 02, 2026",0,0,0,0.00000,CDC
Voluntary Pension Scheme (VPS),EFU Life Assurance Limited,EFU Hemayah Pension Fund,VPS-Shariah Compliant Debt,"Dec 01, 2025",101.0000,101.0000,100.7290,"Mar 02, 2026",0,0,0,0.00000,CDC
Voluntary Pension Scheme (VPS),EFU Life Assurance Limited,EFU Hemayah Pension Fund,VPS-Shariah Compliant Equity,"Dec 01, 2025",81.0000,81.0000,80.9800,"Mar 02, 2026",0,0,0,0.00000,CDC
Voluntary Pension Scheme (VPS),EFU Life Assurance Limited,EFU Hemayah Pension Fund,VPS-Shariah Compliant Money Market,"Dec 01, 2025",101.0000,101.0000,101.1918,"Mar 02, 2026",3,0,0,0.00000,CDC
Voluntary Pension Scheme (VPS),Faysal Asset Management Limited,Faysal Islamic Pension Fund,VPS-Shariah Compliant Debt,"Oct 05, 2021",184.5865,178.4307,178.4307,"Mar 02, 2026",0,0,0,0.00000,CDC
Voluntary Pension Scheme (VPS),Faysal Asset Management Limited,Faysal Islamic Pension Fund,VPS-Shariah Compliant Equity,"Oct 05, 2021",324.2579,313.4441,313.4441,"Mar 02, 2026",0,0,0,0.00000,CDC
Employer Pension Funds,Faysal Asset Management Limited,Faysal Islamic KPK Government Pension Fund,VPS-Shariah Compliant Money Market,"Dec 20, 2023",131.2326,131.2326,131.2326,"Mar 02, 2026",0,0,0,0.00000,CDC
Voluntary Pension Scheme (VPS),Faysal Asset Management Limited,Faysal Islamic Pension Fund,VPS-Shariah Compliant Money Market,"Oct 05, 2021",189.3163,183.0027,183.0027,"Mar 02, 2026",0,0,0,0.00000,CDC
Employer Pension Funds,Faysal Asset Management Limited,Faysal Islamic Punjab Pension Fund,VPS-Shariah Compliant Money Market,"Dec 16, 2025",102.1809,102.1809,102.1809,"Mar 02, 2026",0,0,0,0.00000,CDC
Open-End Funds,Faysal Asset Management Limited,Faysal Halal Amdani Fund,Shariah Compliant Money Market,"Oct 10, 2019",110.6910,108.2024,108.2024,"Mar 03, 2026",0,0,0,0.00000,CDC
Open-End Funds,Faysal Asset Management Limited,Faysal Halal Amdani Fund II,Shariah Compliant Income,"Jul 02, 2025",105.1817,102.8170,102.8170,"Mar 02, 2026",0,0,0,0.00000,CDC
Open-End Funds,Faysal Asset Management Limited,Faysal Halal Amdani Fund III,Shariah Compliant Income,"Dec 10, 2025",104.2235,101.8803,101.8803,"Mar 02, 2026",2,0,0,0.00000,CDC
Open-End Funds,Faysal Asset Management Limited,Faysal Islamic Asset Allocation Fund,Shariah Compliant Asset Allocation,"Sep 09, 2015",99.8543,96.5242,96.5242,"Mar 02, 2026",0,0,0,0.00000,CDC
Open-End Funds,Faysal Asset Management Limited,Faysal Islamic Asset Allocation Fund II,Shariah Compliant Asset Allocation,"Aug 12, 2024",116.9924,113.0908,113.0908,"Mar 02, 2026",0,0,0,0.00000,CDC
Open-End Funds,Faysal Asset Management Limited,Faysal Islamic Asset Allocation Fund III (Faysal Shariah Flex Plan I),Shariah Compliant Asset Allocation,"Sep 17, 2025",106.5087,102.9567,102.9567,"Mar 02, 2026",3,0,0,0.00000,CDC
Open-End Funds,Faysal Asset Management Limited,Faysal Islamic Asset Allocation Fund III (Faysal Shariah Flex Plan II),Shariah Compliant Asset Allocation,"Nov 25, 2025",106.2167,102.6745,102.6745,"Mar 02, 2026",0,0,0,0.00000,CDC
Open-End Funds,Faysal Asset Management Limited,Faysal Islamic Asset Allocation Fund III (Faysal Shariah Flex Plan III),Shariah Compliant Asset Allocation,"Jan 19, 2026",103.8399,100.3769,100.3769,"Mar 02, 2026",3,0,0,0.00000,CDC
Open-End Funds,Faysal Asset Management Limited,Faysal Islamic Cash Fund,Shariah Compliant Money Market,"Aug 11, 2020",108.7836,106.3378,106.3378,"Mar 03, 2026",0,0,0,0.00000,CDC
Dedicated Equity Funds,Faysal Asset Management Limited,Faysal Islamic Dedicated Equity Fund,Shariah Compliant Dedicated Equity,"Jan 03, 2020",109.2257,105.5831,105.5831,"Mar 02, 2026",0,0,0,0.00000,CDC
Open-End Funds,Faysal Asset Management Limited,Faysal Islamic Financial Growth Fund (Faysal Islamic Financial Growth Plan I),Shariah Compliant Aggressive Fixed Income,"Jul 25, 2023",108.7006,106.2567,106.2567,"Mar 02, 2026",0,0,0,0.00000,
Open-End Funds,Faysal Asset Management Limited,Faysal Islamic Financial Growth Fund (Faysal Islamic Financial Growth Plan II),Shariah Compliant Aggressive Fixed Income,"Aug 06, 2024",110.1181,106.4457,106.4457,"Mar 02, 2026",0,0,0,0.00000,CDC
Open-End Funds,Faysal Asset Management Limited,Faysal Islamic Financial Growth Fund II,Shariah Compliant Aggressive Fixed Income,"Dec 10, 2025",105.8725,102.3417,102.3417,"Mar 02, 2026",3,0,0,0.00000,CDC
Open-End Funds,Faysal Asset Management Limited,Faysal Islamic Financial Planning Fund II (Faysal Priority Ascend Plan I),Shariah Compliant Fund of Funds,"Jul 18, 2025",117.7334,113.8071,113.8071,"Feb 28, 2026",0,0,0,0.00000,CDC
Open-End Funds,Faysal Asset Management Limited,Faysal Islamic Financial Planning Fund II (Faysal Priority Ascend Plan II),Shariah Compliant Fund of Funds,"Aug 11, 2025",109.0763,105.4386,105.4386,"Feb 28, 2026",3,0,0,0.00000,CDC
Open-End Funds,Faysal Asset Management Limited,Faysal Islamic Financial Planning Fund II (Faysal Priority Ascend Plan III),Shariah Compliant Fund of Funds,"May 29, 2025",110.5165,106.8309,106.8309,"Feb 28, 2026",0,0,0,0.00000,CDC
Open-End Funds,Faysal Asset Management Limited,Faysal Islamic Mustakil Munafa Fund (Faysal Islamic Mehdood Muddat Plan I),Shariah Compliant Fixed Rate / Return,"May 15, 2024",123.9153,123.9153,123.9153,"Mar 02, 2026",0,0,0,0.00000,CDC
Open-End Funds,Faysal Asset Management Limited,Faysal Islamic Mustakil Munafa Fund (Faysal Islamic Mehdood Muddat Plan VI),Shariah Compliant Fixed Rate / Return,"May 16, 2025",107.6048,107.6048,107.6048,"Mar 02, 2026",0,0,0,0.00000,CDC
Open-End Funds,Faysal Asset Management Limited,Faysal Islamic Mustakil Munafa Fund (Faysal Islamic Mehdood Muddat Plan XIII),Shariah Compliant Fixed Rate / Return,"Nov 26, 2025",100.0000,100.0000,100.0000,"Feb 24, 2026",0,0,0,0.00000,CDC
Open-End Funds,Faysal Asset Management Limited,Faysal Islamic Mustakil Munafa Fund (Faysal Islamic Mehdood Muddat Plan XIV),Shariah Compliant Fixed Rate / Return,"Nov 26, 2025",100.0000,100.0000,100.0000,"Feb 24, 2026",0,0,0,0.00000,CDC
Open-End Funds,Faysal Asset Management Limited,Faysal Islamic Mustakil Munafa Fund (Faysal Islamic Mehdood Muddat Plan XV),Shariah Compliant Fixed Rate / Return,"Dec 11, 2025",102.2423,102.2423,102.2423,"Mar 02, 2026",0,0,0,0.00000,CDC
Open-End Funds,Faysal Asset Management Limited,Faysal Islamic Mustakil Munafa Fund (Faysal Islamic Mehdood Muddat Plan XVI),Shariah Compliant Fixed Rate / Return,"Feb 25, 2026",100.1497,100.1497,100.1497,"Mar 02, 2026",0,0,0,0.00000,CDC
Open-End Funds,Faysal Asset Management Limited,Faysal Islamic Mustakil Munafa Fund (Faysal Islamic Mehdood Muddat Plan XVII),Shariah Compliant Fixed Rate / Return,"Feb 25, 2026",100.1538,100.1538,100.1538,"Mar 02, 2026",0,0,0,0.00000,CDC
Open-End Funds,Faysal Asset Management Limited,Faysal Islamic Savings Growth Fund,Shariah Compliant Income,"Jun 16, 2010",114.0341,111.4703,111.4703,"Mar 02, 2026",0,0,0,0.00000,CDC
Open-End Funds,Faysal Asset Management Limited,Faysal Islamic Sovereign Fund (Faysal Islamic Sovereign Plan I),Shariah Compliant Income,"Feb 01, 2023",108.0839,105.6538,105.6538,"Mar 02, 2026",0,0,0,0.00000,CDC
Open-End Funds,Faysal Asset Management Limited,Faysal Islamic Sovereign Fund (Faysal Islamic Sovereign Plan II),Shariah Compliant Income,"Jan 08, 2024",107.3772,104.9630,104.9630,"Mar 02, 2026",0,0,0,0.00000,CDC
Open-End Funds,Faysal Asset Management Limited,Faysal Islamic Special Income Plan I,Shariah Compliant Income,"Jun 20, 2022",10.9939,10.7468,10.7468,"Mar 03, 2026",0,0,0,0.00000,CDC
Open-End Funds,Faysal Asset Management Limited,Faysal Islamic Stock Fund,Shariah Compliant Equity,"Jul 24, 2020",110.4119,106.7297,106.7297,"Mar 02, 2026",0,0,0,0.00000,CDC
Open-End Funds,Faysal Asset Management Limited,Faysal Islamic Stock Fund II,Shariah Compliant Equity,"Mar 10, 2025",123.3602,119.2462,119.2462,"Mar 02, 2026",0,0,0,0.00000,CDC
Open-End Funds,Faysal Asset Management Limited,Faysal Khushal Mustaqbil Fund (Faysal Barak’ah Women Savers Plan),Shariah Compliant Fund of Funds,"Jan 10, 2025",109.5965,105.9416,105.9416,"Feb 28, 2026",3,0,0,0.00000,CDC
Open-End Funds,Faysal Asset Management Limited,Faysal Khushal Mustaqbil Fund (Faysal Nu’umah Women Savers Plan),Shariah Compliant Fund of Funds,"Jan 10, 2025",109.6126,105.9571,105.9571,"Feb 28, 2026",3,0,0,0.00000,CDC
Open-End Funds,First Capital Investments Limited,First Capital Mutual Fund,Equity,"May 24, 1995",15.6898,15.3822,15.3822,"Mar 02, 2026",2,0,0,0.00000,CDC
Voluntary Pension Scheme (VPS),HBL Asset Management Limited,HBL Islamic Pension Fund,VPS-Shariah Compliant Debt,"Dec 15, 2011",332.8184,332.8184,332.8184,"Mar 02, 2026",0,0,0,0.00000,CDC
Voluntary Pension Scheme (VPS),HBL Asset Management Limited,HBL Islamic Pension Fund,VPS-Shariah Compliant Equity,"Dec 15, 2011",1018.3878,1018.3878,1018.3878,"Mar 02, 2026",0,0,0,0.00000,CDC
Voluntary Pension Scheme (VPS),HBL Asset Management Limited,HBL Islamic Pension Fund,VPS-Shariah Compliant Money Market,"Dec 15, 2011",314.3606,314.3606,314.3606,"Mar 02, 2026",0,0,0,0.00000,CDC
Employer Pension Funds,HBL Asset Management Limited,HBL KPK Islamic Pension Fund,VPS-Shariah Compliant Money Market,"Dec 14, 2023",132.3525,132.3525,132.3525,"Mar 02, 2026",0,0,0,0.00000,CDC
Voluntary Pension Scheme (VPS),HBL Asset Management Limited,HBL Pension Fund,VPS-Debt,"Dec 15, 2011",432.7863,432.7863,432.7863,"Mar 02, 2026",0,0,0,0.00000,CDC
Voluntary Pension Scheme (VPS),HBL Asset Management Limited,HBL Pension Fund,VPS-Equity,"Dec 15, 2011",906.6501,906.6501,906.6501,"Mar 02, 2026",0,0,0,0.00000,CDC
Employer Pension Funds,HBL Asset Management Limited,HBL KPK Pension Fund,VPS-Money Market,"Dec 14, 2023",135.1373,135.1373,135.1373,"Mar 02, 2026",0,0,0,0.00000,CDC
Voluntary Pension Scheme (VPS),HBL Asset Management Limited,HBL Pension Fund,VPS-Money Market,"Dec 15, 2011",361.3280,361.3280,361.3280,"Mar 02, 2026",0,0,0,0.00000,CDC
Open-End Funds,HBL Asset Management Limited,HBL Cash Fund,Money Market,"Dec 13, 2010",111.4498,110.1827,110.1827,"Mar 02, 2026",0,0,0,0.00000,CDC
Open-End Funds,HBL Asset Management Limited,HBL Energy Fund,Equity,"Jan 20, 2006",29.7998,29.1298,29.1298,"Mar 02, 2026",0,0,0,0.00000,CDC
Open-End Funds,HBL Asset Management Limited,HBL Equity Fund,Equity,"Sep 26, 2011",195.7361,191.3354,191.3354,"Mar 02, 2026",0,0,0,0.00000,CDC
Open-End Funds,HBL Asset Management Limited,HBL Financial Sector Income Fund Plan I,Income,"Jan 18, 2022",111.5345,109.0269,109.0269,"Mar 02, 2026",0,0,0,0.00000,CDC
Open-End Funds,HBL Asset Management Limited,HBL Financial Sector Income Fund Plan II,Income,"Feb 19, 2024",103.3059,100.9833,100.9833,"Mar 02, 2026",0,0,0,0.00000,CDC
Open-End Funds,HBL Asset Management Limited,HBL Government Securities Fund,Income,"Jul 24, 2010",125.5503,122.7276,122.7276,"Mar 02, 2026",0,0,0,0.00000,CDC
Open-End Funds,HBL Asset Management Limited,HBL Growth Fund-Class A,Equity,"Jul 02, 2018",0.0000,0.0000,39.4401,"Mar 02, 2026",0,0,0,13.96000,CDC
Open-End Funds,HBL Asset Management Limited,HBL Growth Fund-Class B,Equity,"Jul 02, 2018",36.8211,35.9933,35.9933,"Mar 02, 2026",0,0,0,0.00000,CDC
Open-End Funds,HBL Asset Management Limited,HBL Income Fund,Income,"Feb 19, 2007",123.3210,121.2298,121.2298,"Mar 02, 2026",0,0,0,0.00000,CDC
Open-End Funds,HBL Asset Management Limited,HBL Investment Fund-Class A,Equity,"Jul 02, 2018",16.0940,15.7322,15.7322,"Feb 27, 2026",0,0,0,4.36000,CDC
Open-End Funds,HBL Asset Management Limited,HBL Investment Fund-Class B,Equity,"Jul 02, 2018",19.1233,18.6934,18.6934,"Feb 27, 2026",0,0,0,0.00000,CDC
Open-End Funds,HBL Asset Management Limited,HBL Islamic Asset Allocation Fund,Shariah Compliant Asset Allocation,"Jan 11, 2016",280.0309,273.7350,273.7350,"Mar 02, 2026",0,0,0,0.00000,CDC
Open-End Funds,HBL Asset Management Limited,HBL Islamic Equity Fund,Shariah Compliant Equity,"May 29, 2014",178.9328,174.9099,174.9099,"Mar 02, 2026",0,0,0,0.00000,CDC
Open-End Funds,HBL Asset Management Limited,HBL Islamic Fixed Term Fund Plan II,Shariah Compliant Fixed Rate / Return,"Dec 12, 2025",101.9576,101.9576,101.9576,"Feb 17, 2026",0,0,0,0.00000,CDC
Open-End Funds,HBL Asset Management Limited,HBL Islamic Income Fund,Shariah Compliant Income,"May 29, 2014",113.6091,111.0548,111.0548,"Mar 02, 2026",0,0,0,0.00000,CDC
Open-End Funds,HBL Asset Management Limited,HBL Islamic Money Market Fund,Shariah Compliant Money Market,"May 09, 2011",109.3939,108.1502,108.1502,"Mar 02, 2026",0,0,0,0.00000,CDC
Open-End Funds,HBL Asset Management Limited,HBL Islamic Savings Plan I,Shariah Compliant Money Market,"Mar 13, 2024",109.1751,107.0344,107.0344,"Mar 02, 2026",2,0,0,0.00000,CDC
Open-End Funds,HBL Asset Management Limited,HBL Islamic Stock Fund,Shariah Compliant Equity,"May 09, 2011",223.7920,218.7605,218.7605,"Mar 02, 2026",0,0,0,0.00000,CDC
Open-End Funds,HBL Asset Management Limited,HBL Mehfooz Munafa Fund Plan IV,Fixed Rate / Return,"Sep 16, 2025",104.0899,104.0899,104.0899,"Feb 05, 2026",0,0,0,0.00000,CDC
Open-End Funds,HBL Asset Management Limited,HBL Mehfooz Munafa Fund Plan X,Fixed Rate / Return,"Jul 29, 2025",105.3404,105.3404,105.3404,"Feb 05, 2026",0,0,0,0.00000,CDC
Open-End Funds,HBL Asset Management Limited,HBL Mehfooz Munafa Fund Plan XI,Fixed Rate / Return,"Oct 24, 2025",103.0604,103.0604,103.0604,"Feb 05, 2026",0,0,0,0.00000,CDC
Open-End Funds,HBL Asset Management Limited,HBL Mehfooz Munafa Fund Plan XII,Fixed Rate / Return,"Oct 16, 2025",100.1149,100.1149,100.1149,"Jan 13, 2026",0,0,0,0.00000,CDC
Open-End Funds,HBL Asset Management Limited,HBL Mehfooz Munafa Fund Plan XIII,Fixed Rate / Return,"Nov 12, 2025",102.6151,102.6151,102.6151,"Feb 09, 2026",0,0,0,0.00000,CDC
Open-End Funds,HBL Asset Management Limited,HBL Money Market Fund,Money Market,"Jul 15, 2010",111.4295,110.1626,110.1626,"Mar 02, 2026",0,0,0,0.00000,CDC
Open-End Funds,HBL Asset Management Limited,HBL Multi Asset Fund,Balanced,"Nov 08, 2007",219.2142,214.2856,214.2856,"Feb 24, 2026",0,0,0,0.00000,CDC
Open-End Funds,HBL Asset Management Limited,HBL Stock Fund,Equity,"Aug 23, 2007",198.9920,194.5181,194.5181,"Mar 02, 2026",0,0,0,0.00000,CDC
Exchange Traded Fund (ETF),HBL Asset Management Limited,HBL Total Treasury Exchange Traded Fund,Exchange Traded Fund,"Sep 12, 2022",109.8934,109.8934,109.8934,"Feb 25, 2026",0,0,0,0.00000,CDC
Voluntary Pension Scheme (VPS),IGI Life Insurance Limited,Mahaana IGI Islamic Retirement Fund,VPS-Shariah Compliant Debt,"May 26, 2025",10.9039,10.9039,10.9039,"Mar 02, 2026",3,0,0,0.00000,CDC
Voluntary Pension Scheme (VPS),IGI Life Insurance Limited,Mahaana IGI Islamic Retirement Fund,VPS-Shariah Compliant Equity,"May 26, 2025",11.1683,11.1683,11.1683,"Mar 02, 2026",3,0,0,0.00000,CDC
Voluntary Pension Scheme (VPS),IGI Life Insurance Limited,Mahaana IGI Islamic Retirement Fund,VPS-Shariah Compliant Money Market,"May 26, 2025",10.7744,10.7744,10.7744,"Mar 02, 2026",3,0,0,0.00000,CDC
Voluntary Pension Scheme (VPS),JS Investments Limited,JS Islamic Pension Savings Fund,VPS-Shariah Compliant Debt,"Mar 17, 2008",439.9326,439.9326,439.9326,"Mar 02, 2026",0,0,0,0.00000,CDC
Voluntary Pension Scheme (VPS),JS Investments Limited,JS Islamic Pension Savings Fund,VPS-Shariah Compliant Equity,"Mar 17, 2008",1688.4049,1688.4049,1688.4049,"Mar 02, 2026",0,0,0,0.00000,CDC
Voluntary Pension Scheme (VPS),JS Investments Limited,JS Islamic Pension Savings Fund,VPS-Shariah Compliant Money Market,"Mar 17, 2008",413.9663,413.9663,413.9663,"Mar 02, 2026",0,0,0,0.00000,CDC
Employer Pension Funds,JS Investments Limited,JS KPK Islamic Pension Fund,VPS-Shariah Compliant Money Market,"Dec 14, 2023",135.5600,135.5600,135.5608,"Mar 02, 2026",0,0,0,0.00000,CDC
Employer Pension Funds,JS Investments Limited,JS Punjab Islamic Pension Fund,VPS-Shariah Compliant Money Market,"Dec 25, 2025",101.6100,101.6148,101.6148,"Mar 02, 2026",0,0,0,0.00000,CDC
Voluntary Pension Scheme (VPS),JS Investments Limited,JS Pension Savings Fund,VPS-Debt,"Jun 25, 2007",598.9000,598.9000,598.9015,"Mar 02, 2026",0,0,0,0.00000,CDC
Voluntary Pension Scheme (VPS),JS Investments Limited,JS Pension Savings Fund,VPS-Equity,"Jun 25, 2007",1590.5600,1590.5600,1590.5576,"Mar 02, 2026",0,0,0,0.00000,CDC
Employer Pension Funds,JS Investments Limited,JS KPK Pension Fund,VPS-Money Market,"Dec 14, 2023",137.7100,137.7100,137.7144,"Mar 02, 2026",0,0,0,0.00000,CDC
Voluntary Pension Scheme (VPS),JS Investments Limited,JS Pension Savings Fund,VPS-Money Market,"Jun 25, 2007",484.2300,484.2300,484.2314,"Mar 02, 2026",0,0,0,0.00000,CDC
Employer Pension Funds,JS Investments Limited,JS Punjab Pension Fund,VPS-Money Market,"Dec 25, 2025",101.6100,101.6148,101.6148,"Mar 02, 2026",0,0,0,0.00000,CDC
Open-End Funds,JS Investments Limited,JS Cash Fund,Money Market,"Mar 29, 2010",113.5100,112.2089,112.2089,"Mar 02, 2026",1,0,0,0.00000,DCC
Open-End Funds,JS Investments Limited,JS Fixed Term Munafa Fund (JS Fixed Term Munafa Plan I),Fixed Rate / Return,"Jan 08, 2024",114.6500,114.6504,114.6504,"Mar 02, 2026",0,0,0,0.00000,DCC
Open-End Funds,JS Investments Limited,JS Fixed Term Munafa Fund (JS Fixed Term Munafa Plan XIX),Fixed Rate / Return,"Jan 22, 2026",99.7900,99.7898,99.7898,"Mar 02, 2026",0,0,0,0.00000,DCC
Open-End Funds,JS Investments Limited,JS Fixed Term Munafa Fund (JS Fixed Term Munafa Plan XV),Fixed Rate / Return,"Apr 18, 2025",107.9200,107.9170,107.9170,"Mar 02, 2026",0,0,0,0.00000,DCC
Open-End Funds,JS Investments Limited,JS Fixed Term Munafa Fund (JS Fixed Term Munafa Plan XX),Fixed Rate / Return,"Jan 22, 2026",100.4100,100.4106,100.4106,"Mar 02, 2026",0,0,0,0.00000,DCC
Open-End Funds,JS Investments Limited,JS Fixed Term Munafa Fund (JS Fixed Term Munafa Plan XXI),Fixed Rate / Return,"Feb 02, 2026",86.7700,86.7709,86.7709,"Mar 02, 2026",0,0,0,0.00000,DCC
Open-End Funds,JS Investments Limited,JS Fixed Term Munafa Fund II (JS Fixed Term Munafa Plan I),Fixed Rate / Return,"May 06, 2025",108.0000,107.9958,107.9958,"Mar 02, 2026",0,0,0,0.00000,DCC
Open-End Funds,JS Investments Limited,JS Fixed Term Munafa Fund II (JS Fixed Term Munafa Plan IV),Fixed Rate / Return,"Sep 30, 2025",104.0000,103.9965,103.9965,"Mar 02, 2026",0,0,0,0.00000,DCC
Open-End Funds,JS Investments Limited,JS Fixed Term Munafa Fund II (JS Fixed Term Munafa Plan VI),Fixed Rate / Return,"Nov 10, 2025",102.5400,102.5363,102.5363,"Mar 02, 2026",0,0,0,0.00000,DCC
Open-End Funds,JS Investments Limited,JS Fund of Funds,Fund of Funds,"Oct 31, 2005",148.3700,143.4200,143.4200,"Mar 02, 2026",0,0,0,0.00000,CDC
Open-End Funds,JS Investments Limited,JS Government Securities Fund,Income,"Jul 15, 2022",120.3500,118.9800,118.9785,"Mar 02, 2026",0,0,0,0.00000,DCC
Open-End Funds,JS Investments Limited,JS Growth Fund,Equity,"Jun 06, 2006",499.1200,482.4700,482.4700,"Mar 02, 2026",0,0,0,0.00000,DCC
Open-End Funds,JS Investments Limited,JS Income Fund,Income,"Aug 26, 2002",126.0600,123.2200,123.2189,"Mar 02, 2026",0,0,0,0.00000,DCC
Open-End Funds,JS Investments Limited,JS Islamic Fund,Shariah Compliant Equity,"Dec 27, 2002",236.8000,228.9000,228.9000,"Mar 02, 2026",0,0,0,0.00000,CDC
Open-End Funds,JS Investments Limited,JS Islamic Income Fund,Shariah Compliant Income,"Jun 05, 2013",113.9000,112.6037,112.6037,"Mar 02, 2026",0,0,0,0.00000,DCC
Open-End Funds,JS Investments Limited,JS Islamic Money Market Fund,Shariah Compliant Money Market,"Sep 03, 2020",111.8700,110.5921,110.5921,"Mar 03, 2026",0,0,0,0.00000,DCC
Open-End Funds,JS Investments Limited,JS Islamic Sarmaya Mehfooz Fund (JS Islamic Sarmaya Mehfooz Plan 1),Shariah Compliant Capital Protected,"Jul 26, 2025",102.1800,98.7712,98.7712,"Mar 02, 2026",0,0,0,0.00000,DCC
Open-End Funds,JS Investments Limited,JS Islamic Sarmaya Mehfooz Fund Plan 2 2020,Shariah Compliant Capital Protected,"Dec 11, 2025",98.9300,95.6342,95.6342,"Mar 02, 2026",0,0,0,0.00000,CDC
Open-End Funds,JS Investments Limited,JS Large Cap Fund,Equity,"May 15, 2004",404.4600,390.9700,390.9700,"Mar 02, 2026",0,0,0,0.00000,CDC
Open-End Funds,JS Investments Limited,JS Microfinance Sector Fund,Income,"May 11, 2022",117.7400,116.3976,116.3976,"Mar 02, 2026",0,0,0,0.00000,DCC
Exchange Traded Fund (ETF),JS Investments Limited,JS Momentum Factor Exchange Traded Fund,Exchange Traded Fund,"Jan 07, 2022",10.0941,10.0941,10.0941,"Mar 03, 2026",0,0,0,0.00000,CDC
Open-End Funds,JS Investments Limited,JS Money Market Fund,Money Market,"Feb 28, 2023",121.2900,118.5586,118.5586,"Mar 03, 2026",0,0,0,0.00000,
Open-End Funds,JS Investments Limited,Unit Trust of Pakistan,Balanced,"Oct 27, 1997",420.9700,406.9300,406.9300,"Mar 02, 2026",0,0,0,0.00000,CDC
Open-End Funds,Lakson Investments Limited,Lakson Asset Allocation Developed Markets Fund,Asset Allocation,"Oct 10, 2011",202.5432,196.8732,196.8732,"Mar 01, 2026",0,0,0,0.00000,CDC
Open-End Funds,Lakson Investments Limited,Lakson Equity Fund,Equity,"Nov 13, 2009",305.8488,295.6489,295.6489,"Mar 02, 2026",0,0,0,0.00000,CDC
Open-End Funds,Lakson Investments Limited,Lakson Fixed Return Fund Plan I,Fixed Rate / Return,"Feb 24, 2026",100.0000,100.0000,100.0000,"Feb 26, 2026",0,0,0,0.00000,CDC
Open-End Funds,Lakson Investments Limited,Lakson Income Fund,Income,"Nov 13, 2009",111.7541,109.8536,109.8536,"Feb 27, 2026",0,0,0,0.00000,CDC
Open-End Funds,Lakson Investments Limited,Lakson Islamic Money Market Fund,Shariah Compliant Money Market,"Sep 29, 2022",109.2014,107.9598,107.9598,"Mar 02, 2026",0,0,0,0.00000,CDC
Open-End Funds,Lakson Investments Limited,Lakson Islamic Tactical Fund,Shariah Compliant Asset Allocation,"Oct 10, 2011",89.8942,87.3777,87.3777,"Mar 02, 2026",0,0,0,0.00000,CDC
Open-End Funds,Lakson Investments Limited,Lakson Money Market Fund,Money Market,"Nov 13, 2009",110.9414,109.6800,109.6800,"Mar 02, 2026",0,0,0,0.00000,CDC
Open-End Funds,Lakson Investments Limited,Lakson Tactical Fund,Asset Allocation,"Oct 10, 2011",117.9155,114.6146,114.6146,"Mar 01, 2026",0,0,0,0.00000,CDC
Voluntary Pension Scheme (VPS),Lucky Investments Limited,Lucky Islamic Pension Fund,VPS-Shariah Compliant Debt,"Nov 10, 2025",106.5823,103.0279,103.0279,"Mar 02, 2026",3,3,0,0.00000,CDC
Voluntary Pension Scheme (VPS),Lucky Investments Limited,Lucky Islamic Pension Fund,VPS-Shariah Compliant Equity,"Nov 10, 2025",95.0741,91.9034,91.9034,"Mar 02, 2026",3,3,0,0.00000,CDC
Voluntary Pension Scheme (VPS),Lucky Investments Limited,Lucky Islamic Pension Fund,VPS-Shariah Compliant Money Market,"Nov 10, 2025",106.5089,102.9569,102.9569,"Mar 02, 2026",0,0,0,0.00000,CDC
Employer Pension Funds,Lucky Investments Limited,Lucky Islamic Punjab Pension Fund,VPS-Shariah Compliant Money Market,"Dec 22, 2025",101.6566,101.6566,101.6566,"Mar 02, 2026",0,0,0,0.00000,CDC
Open-End Funds,Lucky Investments Limited,Lucky Islamic Cash Fund,Shariah Compliant Money Market,"Jan 20, 2026",103.0000,100.0000,100.0000,"Mar 03, 2026",0,0,0,0.00000,CDC
Open-End Funds,Lucky Investments Limited,Lucky Islamic Energy Fund,Shariah Compliant Equity,"Jan 01, 2026",84.9628,82.1293,82.1293,"Mar 02, 2026",3,0,0,0.00000,CDC
Open-End Funds,Lucky Investments Limited,Lucky Islamic Fixed Term Fund Plan VII,Shariah Compliant Fixed Rate / Return,"Dec 11, 2025",102.3733,102.3733,102.3733,"Mar 02, 2026",0,0,0,0.00000,CDC
Open-End Funds,Lucky Investments Limited,Lucky Islamic Fixed Term Fund Plan XII,Shariah Compliant Fixed Rate / Return,"Feb 06, 2026",100.6826,100.6826,100.6826,"Mar 02, 2026",0,0,0,0.00000,CDC
Open-End Funds,Lucky Investments Limited,Lucky Islamic Income Fund,Shariah Compliant Income,"Apr 25, 2025",110.7981,107.1030,107.1030,"Mar 02, 2026",3,0,0,0.00000,CDC
Open-End Funds,Lucky Investments Limited,Lucky Islamic Money Market Fund,Shariah Compliant Money Market,"Apr 09, 2025",110.6332,106.9437,106.9437,"Mar 03, 2026",0,0,0,0.00000,CDC
Voluntary Pension Scheme (VPS),Lucky Investments Limited,Lucky Islamic Pension Fund,VPS-Shariah Compliant Commodities / Gold,"Nov 10, 2025",121.3981,117.3495,117.3495,"Mar 01, 2026",3,3,0,0.00000,CDC
Open-End Funds,Lucky Investments Limited,Lucky Islamic Stock Fund,Shariah Compliant Equity,"Apr 25, 2025",122.4400,118.3600,118.3600,"Mar 02, 2026",3,0,0,0.00000,CDC
Open-End Funds,Mahaana Wealth Limited,Mahaana Islamic Cash Fund,Shariah Compliant Money Market,"Mar 29, 2023",113.9633,113.9633,113.9633,"Mar 03, 2026",0,0,0,0.00000,CDC
Exchange Traded Fund (ETF),Mahaana Wealth Limited,Mahaana Islamic Index Exchange Traded Fund,Shariah Compliant Exchange Traded Fund,"Mar 11, 2024",15.0200,15.0200,15.0200,"Mar 02, 2026",0,0,0,15.38000,CDC
Voluntary Pension Scheme (VPS),MCB Investment Management Limited,Alhamra Islamic Pension Fund,VPS-Shariah Compliant Debt,"Nov 02, 2007",461.6800,461.6800,461.6800,"Mar 02, 2026",0,0,0,0.00000,CDC
Voluntary Pension Scheme (VPS),MCB Investment Management Limited,Alhamra Islamic Pension Fund,VPS-Shariah Compliant Equity,"Nov 02, 2007",1874.4200,1874.4200,1874.4200,"Mar 02, 2026",0,0,0,0.00000,CDC
Voluntary Pension Scheme (VPS),MCB Investment Management Limited,Alhamra Islamic Pension Fund,VPS-Shariah Compliant Money Market,"Nov 02, 2007",419.7800,419.7800,419.7800,"Mar 02, 2026",0,0,0,0.00000,CDC
Employer Pension Funds,MCB Investment Management Limited,Alhamra Islamic Punjab Pension Fund,VPS-Shariah Compliant Money Market,"Jan 16, 2026",101.2191,101.2191,101.2191,"Mar 02, 2026",0,0,0,0.00000,CDC
Employer Pension Funds,MCB Investment Management Limited,MCB Alhamra KPK Govt Employees Pension Fund,VPS-Shariah Compliant Money Market,"Dec 13, 2023",134.9214,134.9214,134.9214,"Mar 02, 2026",0,0,0,0.00000,CDC
Voluntary Pension Scheme (VPS),MCB Investment Management Limited,Pakistan Pension Fund,VPS-Debt,"Jun 27, 2007",638.0400,638.0400,638.0400,"Mar 02, 2026",0,0,0,0.00000,CDC
Voluntary Pension Scheme (VPS),MCB Investment Management Limited,Pakistan Pension Fund,VPS-Equity,"Jun 27, 2007",2198.1600,2198.1600,2198.1600,"Mar 02, 2026",0,0,0,0.00000,CDC
Employer Pension Funds,MCB Investment Management Limited,MCB KPK Govt Employees Pension Fund,VPS-Money Market,"Dec 13, 2023",136.7149,136.7149,136.7149,"Mar 02, 2026",0,0,0,0.00000,CDC
Employer Pension Funds,MCB Investment Management Limited,MCB Punjab Pension Fund,VPS-Money Market,"Dec 08, 2025",102.3096,102.3096,102.3096,"Mar 02, 2026",0,0,0,0.00000,CDC
Voluntary Pension Scheme (VPS),MCB Investment Management Limited,Pakistan Pension Fund,VPS-Money Market,"Jun 27, 2007",542.2700,542.2700,542.2700,"Mar 02, 2026",0,0,0,0.00000,CDC
Open-End Funds,MCB Investment Management Limited,Alhamra Cash Management Optimizer,Shariah Compliant Money Market,"May 23, 2023",108.3651,107.1331,107.1331,"Mar 03, 2026",0,0,0,0.00000,CDC
Open-End Funds,MCB Investment Management Limited,Alhamra Daily Dividend Fund,Shariah Compliant Income,"Apr 10, 2018",101.1500,100.0000,100.0000,"Mar 03, 2026",0,0,0,0.00000,CDC
Open-End Funds,MCB Investment Management Limited,Alhamra Government Securities Plan I,Shariah Compliant Income,"Jun 24, 2024",108.8406,106.3935,106.3935,"Mar 02, 2026",1,0,0,0.00000,CDC
Open-End Funds,MCB Investment Management Limited,Alhamra Islamic Asset Allocation Fund,Shariah Compliant Asset Allocation,"Apr 22, 2006",200.2740,193.5950,193.5950,"Mar 02, 2026",0,0,0,0.00000,CDC
Open-End Funds,MCB Investment Management Limited,Alhamra Islamic Income Fund,Shariah Compliant Income,"Jun 19, 2011",113.1198,111.2016,111.2016,"Mar 02, 2026",0,0,0,0.00000,CDC
Open-End Funds,MCB Investment Management Limited,Alhamra Islamic Money Market Fund,Shariah Compliant Money Market,"Aug 20, 2020",100.6544,99.5100,99.5100,"Mar 03, 2026",0,0,0,0.00000,CDC
Open-End Funds,MCB Investment Management Limited,Alhamra Islamic Stock Fund,Shariah Compliant Equity,"Aug 25, 2004",27.7300,26.8100,26.8100,"Mar 02, 2026",0,0,0,0.00000,CDC
Open-End Funds,MCB Investment Management Limited,Alhamra Opportunity Fund (Dividend Strategy Plan),Shariah Compliant Equity,"Feb 27, 2024",198.9667,192.3313,192.3313,"Mar 02, 2026",0,0,0,0.00000,CDC
Open-End Funds,MCB Investment Management Limited,Alhamra Smart Portfolio,Shariah Compliant Fund of Funds,"Jun 11, 2021",171.0776,165.3723,165.3723,"Mar 02, 2026",0,0,0,0.00000,DCC
Open-End Funds,MCB Investment Management Limited,Alhamra Wada Fund (Alhamra Wada Plan XVI),Shariah Compliant Fixed Rate / Return,"Jan 29, 2026",100.8873,100.8873,100.8873,"Mar 02, 2026",0,0,0,0.00000,CDC
Open-End Funds,MCB Investment Management Limited,MCB Cash Management Optimizer,Money Market,"Oct 01, 2009",109.1491,109.1491,109.1491,"Mar 03, 2026",0,0,0,0.00000,CDC
Open-End Funds,MCB Investment Management Limited,MCB DCF Fixed Return III (Plan IV),Fixed Rate / Return,"Oct 10, 2024",107.6773,107.6773,107.6773,"Mar 02, 2026",0,0,0,0.00000,CDC
Open-End Funds,MCB Investment Management Limited,MCB DCF Income Fund,Income,"Jan 03, 2007",118.4903,116.4810,116.4810,"Mar 02, 2026",0,0,0,0.00000,CDC
Open-End Funds,MCB Investment Management Limited,MCB Government Securities Plan I,Income,"Nov 05, 2024",109.6882,107.2221,107.2221,"Mar 02, 2026",0,0,0,0.00000,CDC
Open-End Funds,MCB Investment Management Limited,MCB Investment Savings Plan I,Aggressive Fixed Income,"Aug 05, 2024",109.6588,108.4121,108.4121,"Mar 02, 2026",0,0,0,0.00000,CDC
Open-End Funds,MCB Investment Management Limited,MCB Pakistan Asset Allocation Fund,Asset Allocation,"Mar 17, 2008",234.0137,226.2095,226.2095,"Mar 02, 2026",0,0,0,0.00000,CDC
Open-End Funds,MCB Investment Management Limited,MCB Pakistan Fixed Return Plan 25,Fixed Rate / Return,"Sep 25, 2025",104.5406,104.5406,104.5406,"Mar 02, 2026",0,0,0,0.00000,CDC
Open-End Funds,MCB Investment Management Limited,MCB Pakistan Opportunity Fund (MCB Pakistan  Dividend Yield Plan),Asset Allocation,"Jun 29, 2022",355.1652,343.3206,343.3206,"Mar 02, 2026",0,0,0,0.00000,CDC
Open-End Funds,MCB Investment Management Limited,MCB Pakistan Sovereign Fund,Income,"Mar 01, 2003",59.6300,58.6200,58.6200,"Mar 02, 2026",0,0,0,0.00000,CDC
Open-End Funds,MCB Investment Management Limited,MCB Pakistan Stock Market Fund,Equity,"Mar 11, 2002",345.2303,333.7171,333.7171,"Mar 02, 2026",0,0,0,0.00000,CDC
Open-End Funds,MCB Investment Management Limited,Pakistan Capital Market Fund,Balanced,"Jan 24, 2004",30.1000,29.4200,29.4200,"Mar 02, 2026",0,0,0,0.00000,CDC
Open-End Funds,MCB Investment Management Limited,Pakistan Cash Management Fund,Money Market,"Mar 19, 2008",51.0482,50.4678,50.4678,"Mar 03, 2026",0,0,0,0.00000,CDC
Open-End Funds,MCB Investment Management Limited,Pakistan Income Enhancement Fund,Aggressive Fixed Income,"Aug 28, 2008",64.7457,63.2900,63.2900,"Mar 02, 2026",0,0,0,0.00000,CDC
Open-End Funds,MCB Investment Management Limited,Pakistan Income Fund,Income,"Mar 11, 2002",64.0205,62.5811,62.5811,"Mar 02, 2026",0,0,0,0.00000,CDC
Voluntary Pension Scheme (VPS),National Investment Trust Limited,NIT Islamic Pension Fund,VPS-Shariah Compliant Debt,"Jun 19, 2015",25.4117,25.4117,25.4117,"Feb 27, 2026",0,0,0,0.00000,CDC
Voluntary Pension Scheme (VPS),National Investment Trust Limited,NIT Islamic Pension Fund,VPS-Shariah Compliant Equity,"Jun 19, 2015",30.4927,30.4927,30.4927,"Feb 27, 2026",0,0,0,0.00000,CDC
Voluntary Pension Scheme (VPS),National Investment Trust Limited,NIT Islamic Pension Fund,VPS-Shariah Compliant Money Market,"Jun 19, 2015",25.2067,25.2067,25.2067,"Feb 27, 2026",0,0,0,0.00000,CDC
Employer Pension Funds,National Investment Trust Limited,NIT KP Islamic Pension Fund,VPS-Shariah Compliant Money Market,"Dec 14, 2023",135.0690,135.0690,135.0690,"Feb 27, 2026",0,0,0,0.00000,CDC
Voluntary Pension Scheme (VPS),National Investment Trust Limited,NIT Pension Fund,VPS-Debt,"Jun 19, 2015",29.2652,29.2652,29.2652,"Feb 27, 2026",0,0,0,0.00000,CDC
Voluntary Pension Scheme (VPS),National Investment Trust Limited,NIT Pension Fund,VPS-Equity,"Jun 19, 2015",32.6037,32.6037,32.6037,"Feb 27, 2026",0,0,0,0.00000,CDC
Employer Pension Funds,National Investment Trust Limited,NIT KP Pension Fund,VPS-Money Market,"Dec 14, 2023",131.1679,131.1679,131.1679,"Feb 27, 2026",0,0,0,0.00000,CDC
Voluntary Pension Scheme (VPS),National Investment Trust Limited,NIT Pension Fund,VPS-Money Market,"Jun 19, 2015",28.4422,28.4422,28.4422,"Feb 27, 2026",0,0,0,0.00000,CDC
Open-End Funds,National Investment Trust Limited,National Investment Unit Trust,Equity,"Nov 12, 1962",141.0500,136.9200,136.9200,"Mar 02, 2026",0,0,0,0.00000,CDC
Open-End Funds,National Investment Trust Limited,NIT - Government Bond Fund,Income,"Nov 18, 2009",10.7995,10.6926,10.6926,"Mar 02, 2026",0,0,0,0.00000,CDC
Open-End Funds,National Investment Trust Limited,NIT - Income Fund,Income,"Feb 19, 2010",11.1159,11.0058,11.0058,"Mar 02, 2026",0,0,0,0.00000,CDC
Open-End Funds,National Investment Trust Limited,NIT Asset Allocation Fund,Asset Allocation,"Apr 09, 2020",19.3675,18.8951,18.8951,"Mar 02, 2026",0,0,0,0.00000,CDC
Open-End Funds,National Investment Trust Limited,NIT Islamic Equity Fund,Shariah Compliant Equity,"May 18, 2015",17.1400,17.1400,17.1400,"Mar 02, 2026",0,0,0,0.00000,CDC
Open-End Funds,National Investment Trust Limited,NIT Islamic Income Fund,Shariah Compliant Income,"Jul 04, 2016",10.3136,10.3136,10.3136,"Mar 02, 2026",0,0,0,0.00000,CDC
Open-End Funds,National Investment Trust Limited,NIT Islamic Money Market Fund,Shariah Compliant Money Market,"Sep 21, 2021",109.1839,108.1029,108.1029,"Mar 03, 2026",0,0,0,0.00000,CDC
Open-End Funds,National Investment Trust Limited,NIT Money Market Fund,Money Market,"Jan 22, 2016",10.4398,10.4398,10.4398,"Mar 03, 2026",0,0,0,0.00000,CDC
Exchange Traded Fund (ETF),National Investment Trust Limited,NIT Pakistan Gateway Exchange Traded Fund,Exchange Traded Fund,"Mar 21, 2020",32.6055,32.6055,32.6055,"Mar 03, 2026",0,0,0,0.00000,CDC
Voluntary Pension Scheme (VPS),National Investment Trust Limited,NIT Pension Fund,VPS-Commodities / Gold,"Jun 19, 2015",28.9288,28.9288,28.9288,"Feb 27, 2026",0,0,0,0.00000,CDC
Open-End Funds,National Investment Trust Limited,NIT Social Impact Fund,Income,"May 16, 2022",11.0166,11.0166,11.0166,"Mar 02, 2026",0,0,0,0.00000,CDC
Voluntary Pension Scheme (VPS),NBP Fund Management Limited,NAFA Islamic Pension Fund,VPS-Shariah Compliant Debt,"Jul 02, 2013",290.0499,290.0499,290.0499,"Mar 02, 2026",0,0,0,0.00000,CDC
Voluntary Pension Scheme (VPS),NBP Fund Management Limited,NAFA Islamic Pension Fund,VPS-Shariah Compliant Equity,"Jul 02, 2013",1083.3240,1083.3240,1083.3240,"Mar 02, 2026",0,0,0,0.00000,CDC
Voluntary Pension Scheme (VPS),NBP Fund Management Limited,NAFA Islamic Pension Fund,VPS-Shariah Compliant Money Market,"Jul 02, 2013",295.9059,295.9059,295.9059,"Mar 02, 2026",0,0,0,0.00000,CDC
Employer Pension Funds,NBP Fund Management Limited,NBP GoKP Islamic Pension Fund,VPS-Shariah Compliant Money Market,"Dec 13, 2023",135.6012,135.6012,135.6012,"Mar 02, 2026",0,0,0,0.00000,CDC
Employer Pension Funds,NBP Fund Management Limited,NBP Islamic Punjab Pension Fund,VPS-Shariah Compliant Money Market,"Jan 14, 2026",101.1081,101.1081,101.1081,"Mar 02, 2026",0,0,0,0.00000,CDC
Voluntary Pension Scheme (VPS),NBP Fund Management Limited,NAFA Pension Fund,VPS-Debt,"Jul 02, 2013",390.5274,390.5274,390.5274,"Mar 02, 2026",0,0,0,0.00000,CDC
Voluntary Pension Scheme (VPS),NBP Fund Management Limited,NAFA Pension Fund,VPS-Equity,"Jul 02, 2013",1258.5470,1258.5470,1258.5470,"Mar 02, 2026",0,0,0,0.00000,CDC
Voluntary Pension Scheme (VPS),NBP Fund Management Limited,NAFA Pension Fund,VPS-Money Market,"Jul 02, 2013",332.3162,332.3162,332.3162,"Mar 02, 2026",0,0,0,0.00000,CDC
Employer Pension Funds,NBP Fund Management Limited,NBP GoKP Pension Fund,VPS-Money Market,"Dec 13, 2023",137.5340,137.5340,137.5340,"Mar 02, 2026",0,0,0,0.00000,CDC
Employer Pension Funds,NBP Fund Management Limited,NBP Punjab Pension Fund,VPS-Money Market,"Jan 14, 2026",101.3581,101.3581,101.3581,"Mar 02, 2026",0,0,0,0.00000,CDC
Open-End Funds,NBP Fund Management Limited,NBP Balanced Fund,Balanced,"Jan 22, 2007",41.3286,39.9503,39.9503,"Mar 02, 2026",0,0,0,0.00000,CDC
Open-End Funds,NBP Fund Management Limited,NBP Cash Plan I,Money Market,"Jan 10, 2023",11.1093,10.7388,10.7388,"Mar 02, 2026",0,0,0,0.00000,CDC
Open-End Funds,NBP Fund Management Limited,NBP Cash Plan II,Money Market,"Jan 10, 2023",10.3450,10.0000,10.0000,"Mar 02, 2026",0,0,0,0.00000,CDC
Open-End Funds,NBP Fund Management Limited,NBP Financial Sector Fund,Equity,"Feb 14, 2018",24.1949,23.3880,23.3880,"Mar 02, 2026",0,0,0,0.00000,CDC
Open-End Funds,NBP Fund Management Limited,NBP Financial Sector Income Fund,Income,"Oct 28, 2011",11.5592,11.4278,11.4278,"Mar 02, 2026",0,0,0,0.00000,CDC
Open-End Funds,NBP Fund Management Limited,NBP Fixed Term Munafa Plan XIIA (NBP Mustahkam Fund II),Fixed Rate / Return,"Dec 03, 2025",10.2417,10.2417,10.2417,"Mar 02, 2026",0,0,0,0.00000,CDC
Open-End Funds,NBP Fund Management Limited,NBP Fixed Term Munafa Plan XIII (NBP Mustahkam Fund II),Fixed Rate / Return,"Oct 06, 2025",10.4374,10.4374,10.4374,"Mar 02, 2026",0,0,0,0.00000,CDC
Open-End Funds,NBP Fund Management Limited,NBP Fixed Term Munafa Plan XIIIA (NBP Mustahkam Fund II),Fixed Rate / Return,"Feb 23, 2026",10.0144,10.0144,10.0144,"Mar 02, 2026",0,0,0,0.00000,CDC
Open-End Funds,NBP Fund Management Limited,NBP Fixed Term Munafa Plan XIVA (NBP Mustahkam Fund II),Fixed Rate / Return,"Nov 06, 2025",10.2575,10.2575,10.2575,"Feb 11, 2026",0,0,0,0.00000,CDC
Open-End Funds,NBP Fund Management Limited,NBP Fixed Term Munafa Plan XIX,Fixed Rate / Return,"Oct 17, 2024",10.7320,10.7320,10.7320,"Mar 02, 2026",0,0,0,0.00000,CDC
Open-End Funds,NBP Fund Management Limited,NBP Fixed Term Munafa Plan XIXA (NBP Mustahkam Fund II),Fixed Rate / Return,"Feb 04, 2026",10.0610,10.0610,10.0610,"Mar 02, 2026",0,0,0,0.00000,CDC
Open-End Funds,NBP Fund Management Limited,NBP Fixed Term Munafa Plan XVIIA (NBP Mustahkam Fund II),Fixed Rate / Return,"Dec 10, 2025",10.2317,10.2317,10.2317,"Mar 02, 2026",0,0,0,0.00000,CDC
Open-End Funds,NBP Fund Management Limited,NBP Fixed Term Munafa Plan XVIIIA (NBP Mustahkam Fund II),Fixed Rate / Return,"Oct 21, 2025",10.3033,10.3033,10.3033,"Feb 06, 2026",0,0,0,0.00000,CDC
Open-End Funds,NBP Fund Management Limited,NBP Government Securities Liquid Fund,Money Market,"May 16, 2009",11.0996,10.9734,10.9734,"Mar 02, 2026",0,0,0,0.00000,CDC
Open-End Funds,NBP Fund Management Limited,NBP Government Securities Plan IV,Income,"May 10, 2023",11.1288,10.7577,10.7577,"Mar 02, 2026",0,0,0,0.00000,
Open-End Funds,NBP Fund Management Limited,NBP Government Securities Plan VIII,Income,"Aug 19, 2025",10.9394,10.5746,10.5746,"Mar 02, 2026",3,0,0,0.00000,CDC
Open-End Funds,NBP Fund Management Limited,NBP Government Securities Savings Fund,Income,"Jul 03, 2014",11.3880,11.2585,11.2585,"Mar 02, 2026",0,0,0,0.00000,CDC
Open-End Funds,NBP Fund Management Limited,NBP Income Opportunity Fund,Income,"Apr 22, 2006",12.1271,11.9892,11.9892,"Mar 02, 2026",0,0,0,0.00000,CDC
Open-End Funds,NBP Fund Management Limited,NBP Income Plan I,Income,"Jan 10, 2023",10.4760,10.1266,10.1266,"Mar 02, 2026",0,0,0,0.00000,CDC
Open-End Funds,NBP Fund Management Limited,NBP Islamic Daily Dividend Fund,Shariah Compliant Money Market,"Nov 01, 2019",10.1150,10.0000,10.0000,"Mar 03, 2026",0,0,0,0.00000,CDC
Open-End Funds,NBP Fund Management Limited,NBP Islamic Energy Fund,Shariah Compliant Equity,"Apr 21, 2016",20.1199,19.4489,19.4489,"Mar 02, 2026",0,0,0,0.00000,CDC
Open-End Funds,NBP Fund Management Limited,NBP Islamic Fixed Term Munafa Plan IIA (NBP Islamic Mustahkam Fund),Shariah Compliant Fixed Rate / Return,"Jan 20, 2026",10.1056,10.1056,10.1056,"Mar 02, 2026",0,0,0,0.00000,CDC
Open-End Funds,NBP Fund Management Limited,NBP Islamic Fixed Term Munafa Plan IIIA (NBP Islamic Mustahkam Fund),Shariah Compliant Fixed Rate / Return,"Jan 05, 2026",10.0717,10.0717,10.0717,"Feb 10, 2026",0,0,0,0.00000,CDC
Open-End Funds,NBP Fund Management Limited,NBP Islamic Fixed Term Munafa Plan IVA (NBP Islamic Mustahkam Fund),Shariah Compliant Fixed Rate / Return,"Feb 09, 2026",10.0518,10.0518,10.0518,"Mar 02, 2026",0,0,0,0.00000,CDC
Open-End Funds,NBP Fund Management Limited,NBP Islamic Fixed Term Munafa Plan VA (NBP Islamic Mustahkam Fund),Shariah Compliant Fixed Rate / Return,"Feb 23, 2026",10.0125,10.0125,10.0125,"Mar 02, 2026",0,0,0,0.00000,CDC
Open-End Funds,NBP Fund Management Limited,NBP Islamic Fixed Term Munafa Plan VIII (NBP Islamic Mustahkam Fund),Shariah Compliant Fixed Rate / Return,"Nov 06, 2025",10.2503,10.2503,10.2503,"Feb 11, 2026",0,0,0,0.00000,CDC
Open-End Funds,NBP Fund Management Limited,NBP Islamic Government Securities Plan III,Shariah Compliant Income,"Jan 19, 2024",10.9556,10.5902,10.5902,"Mar 02, 2026",0,0,0,0.00000,CDC
Open-End Funds,NBP Fund Management Limited,NBP Islamic Income Fund,Shariah Compliant Income,"Aug 14, 2020",10.8395,10.7163,10.7163,"Mar 02, 2026",0,0,0,0.00000,CDC
Open-End Funds,NBP Fund Management Limited,NBP Islamic Mahana Amdani Fund,Shariah Compliant Income,"Oct 08, 2018",10.8722,10.7486,10.7486,"Mar 02, 2026",0,0,0,0.00000,CDC
Open-End Funds,NBP Fund Management Limited,NBP Islamic Money Market Fund,Shariah Compliant Money Market,"Feb 28, 2018",10.9746,10.8498,10.8498,"Mar 03, 2026",0,0,0,0.00000,CDC
Open-End Funds,NBP Fund Management Limited,NBP Islamic Principal Protection Fund I (NBP Islamic Principal Protection Plan I),Shariah Compliant Capital Protected,"Sep 25, 2025",9.9779,9.9779,9.9779,"Mar 02, 2026",0,0,0,0.00000,CDC
Open-End Funds,NBP Fund Management Limited,NBP Islamic Principal Protection Fund I (NBP Islamic Principal Protection Plan II),Shariah Compliant Capital Protected,"Dec 19, 2025",10.1943,9.8543,9.8543,"Mar 02, 2026",0,0,0,0.00000,CDC
Open-End Funds,NBP Fund Management Limited,NBP Islamic Principal Protection Fund I (NBP Islamic Principal Protection Plan III),Shariah Compliant Capital Protected,"Jan 26, 2026",9.9218,9.5909,9.5909,"Mar 02, 2026",3,0,0,0.00000,CDC
Open-End Funds,NBP Fund Management Limited,NBP Islamic Principal Protection Fund I (NBP Islamic Principal Protection Plan IV),Shariah Compliant Capital Protected,"Feb 23, 2026",10.3571,10.0117,10.0117,"Mar 02, 2026",0,0,0,0.00000,CDC
Open-End Funds,NBP Fund Management Limited,NBP Islamic Sarmaya Izafa Fund,Shariah Compliant Asset Allocation,"Oct 29, 2007",33.3843,32.2710,32.2710,"Mar 02, 2026",0,0,0,0.00000,CDC
Open-End Funds,NBP Fund Management Limited,NBP Islamic Savings Fund,Shariah Compliant Income,"Oct 29, 2007",10.5461,10.1944,10.1944,"Mar 03, 2026",0,0,0,0.00000,CDC
Open-End Funds,NBP Fund Management Limited,NBP Islamic Stock Fund,Shariah Compliant Equity,"Jan 12, 2015",22.9353,22.1704,22.1704,"Mar 02, 2026",0,0,0,0.00000,CDC
Open-End Funds,NBP Fund Management Limited,NBP Mahana Amdani Fund,Income,"Nov 21, 2009",11.1585,11.0316,11.0316,"Mar 02, 2026",0,0,0,0.00000,CDC
Open-End Funds,NBP Fund Management Limited,NBP Money Market Fund,Money Market,"Feb 24, 2012",10.8271,10.7040,10.7040,"Mar 02, 2026",0,0,0,0.00000,CDC
Exchange Traded Fund (ETF),NBP Fund Management Limited,NBP Pakistan Growth Exchange Traded Fund,Exchange Traded Fund,"Oct 06, 2020",27.4190,27.4190,27.4190,"Mar 03, 2026",0,0,0,0.00000,CDC
Open-End Funds,NBP Fund Management Limited,NBP Riba Free Savings Fund,Shariah Compliant Income,"Aug 20, 2010",11.1495,11.0227,11.0227,"Mar 02, 2026",0,0,0,0.00000,CDC
Open-End Funds,NBP Fund Management Limited,NBP Sarmaya Izafa Fund,Asset Allocation,"Aug 20, 2010",38.1662,36.8934,36.8934,"Mar 02, 2026",0,0,0,0.00000,CDC
Open-End Funds,NBP Fund Management Limited,NBP Savings Fund,Income,"Mar 29, 2008",11.2436,10.8686,10.8686,"Mar 03, 2026",0,0,0,0.00000,CDC
Open-End Funds,NBP Fund Management Limited,NBP Stock Fund,Equity,"Jan 22, 2007",41.1379,39.7660,39.7660,"Mar 02, 2026",0,0,0,0.00000,CDC
Open-End Funds,Pak Oman Asset Management Company Limited,Askari Cash Fund,Money Market,"Sep 30, 2009",110.0026,110.0026,110.0026,"Mar 03, 2026",0,0,0,0.00000,CDC
Open-End Funds,Pak Oman Asset Management Company Limited,Askari High Yield Scheme,Aggressive Fixed Income,"Mar 16, 2006",111.4945,109.0305,109.0305,"Mar 02, 2026",0,0,0,0.00000,CDC
Open-End Funds,Pak Oman Asset Management Company Limited,Askari Sovereign Yield Enhancer,Income,"May 07, 2012",112.2641,110.7005,110.7005,"Mar 02, 2026",0,0,0,0.00000,CDC
Open-End Funds,Pak Oman Asset Management Company Limited,Pak Oman Advantage Asset Allocation Fund,Asset Allocation,"Oct 30, 2008",42.9231,41.7439,41.7439,"Mar 02, 2026",0,0,0,0.00000,DCC
Open-End Funds,Pak Oman Asset Management Company Limited,Pak Oman Advantage Islamic Income Fund,Shariah Compliant Income,"Oct 28, 2008",56.3088,55.6797,55.6797,"Mar 02, 2026",0,0,0,0.00000,DCC
Open-End Funds,Pak Oman Asset Management Company Limited,Pak Oman Daily Dividend Fund,Shariah Compliant Money Market,"Dec 07, 2021",10.0546,9.9982,9.9982,"Mar 03, 2026",0,0,0,0.00000,
Open-End Funds,Pak Oman Asset Management Company Limited,Pak Oman Income Fund,Income,"Jul 28, 2011",11.4760,11.4760,11.4760,"Mar 02, 2026",0,0,0,0.00000,DCC
Open-End Funds,Pak Oman Asset Management Company Limited,Pak Oman Islamic Asset Allocation Fund,Shariah Compliant Asset Allocation,"Oct 28, 2008",41.5242,40.3834,40.3834,"Mar 02, 2026",0,0,0,0.00000,DCC
Open-End Funds,Pak Oman Asset Management Company Limited,Pak Oman Micro Finance Fund,Income,"May 14, 2024",107.8634,107.8634,107.8634,"Mar 02, 2026",0,0,0,0.00000,DCC
Open-End Funds,Pak-Qatar Asset Management Company Limited,Pak Qatar Asan Munafa Plan,Shariah Compliant Money Market,"Oct 03, 2022",118.2800,114.3354,114.3354,"Mar 03, 2026",0,0,0,0.00000,CDC
Open-End Funds,Pak-Qatar Asset Management Company Limited,Pak Qatar Asset Allocation Plan I (PQAAP  IA),Shariah Compliant Asset Allocation,"Aug 18, 2023",132.0608,127.6566,127.6566,"Mar 02, 2026",0,0,0,0.00000,CDC
Open-End Funds,Pak-Qatar Asset Management Company Limited,Pak Qatar Asset Allocation Plan II (PQAAP  IIA),Shariah Compliant Asset Allocation,"Aug 18, 2023",129.4701,125.1523,125.1523,"Mar 01, 2026",0,0,0,0.00000,CDC
Open-End Funds,Pak-Qatar Asset Management Company Limited,Pak Qatar Cash Plan,Shariah Compliant Money Market,"Oct 03, 2022",124.9813,120.8132,120.8132,"Mar 03, 2026",0,0,0,0.00000,CDC
Open-End Funds,Pak-Qatar Asset Management Company Limited,Pak Qatar Daily Dividend Plan,Shariah Compliant Money Market,"Oct 03, 2022",103.4500,100.0000,100.0000,"Mar 03, 2026",0,0,0,0.00000,CDC
Open-End Funds,Pak-Qatar Asset Management Company Limited,Pak Qatar Income Plan,Shariah Compliant Income,"Oct 03, 2022",129.2041,124.8952,124.8952,"Mar 02, 2026",0,0,0,0.00000,CDC
Open-End Funds,Pak-Qatar Asset Management Company Limited,Pak Qatar Islamic Stock Fund,Shariah Compliant Equity,"Sep 22, 2022",246.4463,238.2275,238.2275,"Mar 02, 2026",0,0,0,0.00000,CDC
Open-End Funds,Pak-Qatar Asset Management Company Limited,Pak Qatar Khalis Bachat Plan,Shariah Compliant Income,"Oct 03, 2022",125.9864,121.7849,121.7849,"Mar 02, 2026",0,0,0,0.00000,CDC
Open-End Funds,Pak-Qatar Asset Management Company Limited,Pak Qatar Monthly Income Plan,Shariah Compliant Income,"Oct 03, 2022",103.5332,100.0804,100.0804,"Mar 02, 2026",0,0,0,0.00000,CDC
Open-End Funds,Pak-Qatar Asset Management Company Limited,Pak-Qatar Asset Allocation Plan III (PQAAP  IIIA),Shariah Compliant Asset Allocation,"Sep 24, 2024",160.4643,155.1129,155.1129,"Mar 02, 2026",0,0,0,0.00000,CDC
Voluntary Pension Scheme (VPS),Pak-Qatar Family Takaful Limited,Pak Qatar Islamic Pension Fund,VPS-Shariah Compliant Debt,"Dec 01, 2022",170.0754,164.4035,164.4035,"Mar 02, 2026",0,0,0,0.00000,CDC
Voluntary Pension Scheme (VPS),Pak-Qatar Family Takaful Limited,Pak Qatar Islamic Pension Fund,VPS-Shariah Compliant Equity,"Dec 01, 2022",280.7793,271.4154,271.4154,"Mar 02, 2026",0,0,0,0.00000,CDC
Employer Pension Funds,Pak-Qatar Family Takaful Limited,Pak Qatar GoKP Islamic Pension Fund,VPS-Shariah Compliant Money Market,"Dec 12, 2025",104.3824,100.9013,100.9013,"Mar 02, 2026",0,0,0,0.00000,CDC
Employer Pension Funds,Pak-Qatar Family Takaful Limited,Pak Qatar GoPB Islamic Pension Fund,VPS-Shariah Compliant Money Market,"Jan 09, 2026",104.8320,101.3359,101.3359,"Mar 02, 2026",0,0,0,0.00000,CDC
Voluntary Pension Scheme (VPS),Pak-Qatar Family Takaful Limited,Pak Qatar Islamic Pension Fund,VPS-Shariah Compliant Money Market,"Dec 01, 2022",166.9924,161.4233,161.4233,"Mar 02, 2026",0,0,0,0.00000,CDC
Voluntary Pension Scheme (VPS),UBL Fund Managers Limited,Al Ameen Islamic Retirement Savings Fund,VPS-Shariah Compliant Debt,"May 19, 2010",368.4064,368.4064,368.4064,"Mar 02, 2026",3,0,0,0.00000,CDC
Voluntary Pension Scheme (VPS),UBL Fund Managers Limited,Al Ameen Islamic Retirement Savings Fund,VPS-Shariah Compliant Equity,"May 19, 2010",2545.5358,2545.5358,2545.5358,"Mar 02, 2026",3,0,0,0.00000,CDC
Employer Pension Funds,UBL Fund Managers Limited,Al Ameen Islamic Punjab Pension Fund,VPS-Shariah Compliant Money Market,"Dec 24, 2025",101.0627,101.0627,101.0627,"Mar 02, 2026",0,0,0,0.00000,CDC
Voluntary Pension Scheme (VPS),UBL Fund Managers Limited,Al Ameen Islamic Retirement Savings Fund,VPS-Shariah Compliant Money Market,"May 19, 2010",356.7736,356.7736,356.7736,"Mar 02, 2026",3,0,0,0.00000,CDC
Employer Pension Funds,UBL Fund Managers Limited,Al Ameen Voluntary Pension Fund KPK,VPS-Shariah Compliant Money Market,"Dec 14, 2023",130.6335,130.6335,130.6335,"Mar 02, 2026",0,0,0,0.00000,CDC
Voluntary Pension Scheme (VPS),UBL Fund Managers Limited,UBL Retirement Saving Fund,VPS-Debt,"May 19, 2010",547.7710,547.7710,547.7710,"Mar 02, 2026",3,0,0,0.00000,CDC
Voluntary Pension Scheme (VPS),UBL Fund Managers Limited,UBL Retirement Saving Fund,VPS-Equity,"May 19, 2010",3091.7848,3091.7848,3091.7848,"Mar 02, 2026",3,0,0,0.00000,CDC
Employer Pension Funds,UBL Fund Managers Limited,UBL Punjab Pension Fund,VPS-Money Market,"Dec 24, 2025",101.6873,101.6873,101.6873,"Mar 02, 2026",0,0,0,0.00000,CDC
Voluntary Pension Scheme (VPS),UBL Fund Managers Limited,UBL Retirement Saving Fund,VPS-Money Market,"May 19, 2010",418.7849,418.7849,418.7849,"Mar 02, 2026",3,0,0,0.00000,CDC
Employer Pension Funds,UBL Fund Managers Limited,UBL Voluntary Pension Fund KPK,VPS-Money Market,"Dec 14, 2023",138.3274,138.3274,138.3274,"Mar 02, 2026",0,0,0,0.00000,CDC
Open-End Funds,UBL Fund Managers Limited,Al Ameen Islamic Aggressive Income Fund,Shariah Compliant Aggressive Fixed Income,"Oct 20, 2007",109.1074,107.8669,107.8669,"Mar 02, 2026",1,0,0,0.00000,CDC
Open-End Funds,UBL Fund Managers Limited,Al Ameen Islamic Aggressive Income Plan I,Shariah Compliant Aggressive Fixed Income,"Apr 16, 2020",119.2381,118.9022,118.9022,"Mar 02, 2026",0.25,0,0,0.00000,CDC
Open-End Funds,UBL Fund Managers Limited,Al Ameen Islamic Asset Allocation Fund,Shariah Compliant Asset Allocation,"Dec 11, 2013",218.4680,211.1822,211.1822,"Mar 02, 2026",3,0,0,0.00000,CDC
Open-End Funds,UBL Fund Managers Limited,Al Ameen Islamic Cash Fund,Shariah Compliant Money Market,"Sep 19, 2012",107.9954,107.9954,107.9954,"Mar 03, 2026",0,0,0,0.00000,CDC
Open-End Funds,UBL Fund Managers Limited,Al Ameen Islamic Cash Plan I,Shariah Compliant Money Market,"May 29, 2020",107.3761,107.3761,107.3761,"Mar 03, 2026",0,0,0,0.00000,CDC
Open-End Funds,UBL Fund Managers Limited,Al Ameen Islamic Energy Fund,Shariah Compliant Equity,"Dec 13, 2019",305.0404,294.8675,294.8675,"Mar 02, 2026",3,0,0,0.00000,CDC
Open-End Funds,UBL Fund Managers Limited,Al Ameen Islamic Income Fund,Shariah Compliant Income,"May 29, 2023",107.8051,105.9770,105.9770,"Mar 02, 2026",1.5,0,0,0.00000,
Open-End Funds,UBL Fund Managers Limited,Al Ameen Islamic Sovereign Fund,Shariah Compliant Income,"Nov 07, 2010",109.9226,108.6729,108.6729,"Mar 02, 2026",1,0,0,0.00000,CDC
Open-End Funds,UBL Fund Managers Limited,Al Ameen Shariah Stock Fund,Shariah Compliant Equity,"Dec 24, 2006",455.9500,443.2100,443.2100,"Mar 02, 2026",2.5,0,0,0.00000,CDC
Open-End Funds,UBL Fund Managers Limited,UBL Asset Allocation Fund,Asset Allocation,"Aug 20, 2013",322.4938,311.7388,311.7388,"Mar 02, 2026",3,0,0,0.00000,CDC
Open-End Funds,UBL Fund Managers Limited,UBL Cash Fund,Money Market,"Sep 23, 2019",106.8701,106.8701,106.8701,"Mar 03, 2026",0,0,0,0.00000,CDC
Open-End Funds,UBL Fund Managers Limited,UBL Financial Sector Fund,Equity,"Apr 06, 2018",333.2415,322.1281,322.1281,"Mar 02, 2026",3,0,0,0.00000,CDC
Open-End Funds,UBL Fund Managers Limited,UBL Fixed Return Plan II (AB),Fixed Rate / Return,"Jun 25, 2025",107.0654,107.0654,107.0654,"Mar 02, 2026",0,0,0,0.00000,CDC
Open-End Funds,UBL Fund Managers Limited,UBL Fixed Return Plan II (M),Fixed Rate / Return,"Jun 03, 2024",108.2984,108.2984,108.2984,"Mar 02, 2026",0,0,0,0.00000,CDC
Open-End Funds,UBL Fund Managers Limited,UBL Fixed Return Plan III (X),Fixed Rate / Return,"Feb 17, 2025",107.3997,107.3997,107.3997,"Mar 02, 2026",0,0,0,0.00000,CDC
Open-End Funds,UBL Fund Managers Limited,UBL Fixed Return Plan III (Y),Fixed Rate / Return,"Jun 26, 2025",103.1583,103.1583,103.1583,"Mar 02, 2026",0,0,0,0.00000,CDC
Open-End Funds,UBL Fund Managers Limited,UBL Fixed Return Plan III (Z),Fixed Rate / Return,"Jul 21, 2025",106.2194,106.2194,106.2194,"Mar 02, 2026",0,0,0,0.00000,CDC
Open-End Funds,UBL Fund Managers Limited,UBL Fixed Return Plan IV (G),Fixed Rate / Return,"Aug 14, 2024",106.5849,106.5849,106.5849,"Mar 02, 2026",0,0,0,0.00000,CDC
Open-End Funds,UBL Fund Managers Limited,UBL Fixed Return Plan IV (M),Fixed Rate / Return,"Mar 06, 2025",107.9386,107.9386,107.9386,"Mar 02, 2026",0,0,0,0.00000,CDC
Open-End Funds,UBL Fund Managers Limited,UBL Fixed Return Plan IV (O),Fixed Rate / Return,"Mar 11, 2025",106.7072,106.7072,106.7072,"Mar 02, 2026",0,0,0,0.00000,CDC
Open-End Funds,UBL Fund Managers Limited,UBL Government Securities Fund,Income,"Jul 27, 2011",115.8208,114.5040,114.5040,"Mar 02, 2026",1,0,0,0.00000,CDC
Open-End Funds,UBL Fund Managers Limited,UBL Growth & Income Fund,Aggressive Fixed Income,"Mar 02, 2006",93.1586,91.5789,91.5789,"Mar 02, 2026",1.5,0,0,0.00000,CDC
Open-End Funds,UBL Fund Managers Limited,UBL Income Opportunity Fund,Income,"Mar 29, 2013",118.2048,116.2003,116.2003,"Mar 02, 2026",1.5,0,0,0.00000,CDC
Open-End Funds,UBL Fund Managers Limited,UBL Liquidity Fund,Money Market,"Sep 05, 2025",105.0048,105.0048,105.0048,"Mar 03, 2026",0,0,0,0.00000,CDC
Open-End Funds,UBL Fund Managers Limited,UBL Liquidity Plus Fund,Money Market,"Jun 21, 2009",108.2137,108.2137,108.2137,"Mar 03, 2026",0,0,0,0.00000,CDC
Open-End Funds,UBL Fund Managers Limited,UBL Money Market Fund,Money Market,"Oct 13, 2010",109.1458,107.9049,107.9049,"Mar 03, 2026",1,0,0,0.00000,CDC
Exchange Traded Fund (ETF),UBL Fund Managers Limited,UBL Pakistan Enterprise Exchange Traded Fund,Exchange Traded Fund,"Mar 24, 2020",35.5143,35.5143,35.5143,"Mar 03, 2026",0,0,0,0.00000,CDC
Voluntary Pension Scheme (VPS),UBL Fund Managers Limited,UBL Retirement Saving Fund,VPS-Commodities / Gold,"Apr 21, 2014",503.9700,503.9700,503.9700,"Feb 26, 2026",3,0,0,0.00000,CDC
Open-End Funds,UBL Fund Managers Limited,UBL Special Savings Plan V,Capital Protected - Income,"Sep 11, 2019",101.2720,97.8579,100.1206,"Mar 02, 2026",0,0,0,0.00000,CDC
Open-End Funds,UBL Fund Managers Limited,UBL Special Savings Plan X,Capital Protected - Income,"Mar 29, 2023",110.7333,109.0968,109.0968,"Mar 02, 2026",1.5,0,0,0.00000,
Open-End Funds,UBL Fund Managers Limited,UBL Stock Advantage Fund,Equity,"Aug 04, 2006",248.5400,241.5900,241.5900,"Mar 02, 2026",3,0,0,0.00000,CDC
